year,round,race_name,circuit,driver_code,driver_name,team,grid,finish_position,points,status,finish_pos_clean,grid_clean,is_winner,driver_recent_form,team_recent_form,grid_delta
2022,1,Bahrain Grand Prix,Bahrain International Circuit,LEC,Charles Leclerc,Ferrari,1,1,26.0,Finished,1,1,1,12.0,12.0,0.0
2022,1,Bahrain Grand Prix,Bahrain International Circuit,VER,Max Verstappen,Red Bull,2,19,0.0,Fuel pressure,19,2,0,12.0,12.0,1.0
2022,1,Bahrain Grand Prix,Bahrain International Circuit,SAI,Carlos Sainz,Ferrari,3,2,18.0,Finished,2,3,0,12.0,12.0,2.0
2022,1,Bahrain Grand Prix,Bahrain International Circuit,PER,Sergio Pérez,Red Bull,4,18,0.0,Fuel pressure,18,4,0,12.0,12.0,3.0
2022,1,Bahrain Grand Prix,Bahrain International Circuit,HAM,Lewis Hamilton,Mercedes,5,3,15.0,Finished,3,5,0,12.0,12.0,4.0
2022,1,Bahrain Grand Prix,Bahrain International Circuit,BOT,Valtteri Bottas,Alfa Romeo,6,6,8.0,Finished,6,6,0,12.0,12.0,5.0
2022,1,Bahrain Grand Prix,Bahrain International Circuit,MAG,Kevin Magnussen,Haas F1 Team,7,5,10.0,Finished,5,7,0,12.0,12.0,6.0
2022,1,Bahrain Grand Prix,Bahrain International Circuit,ALO,Fernando Alonso,Alpine F1 Team,8,9,2.0,Finished,9,8,0,12.0,12.0,7.0
2022,1,Bahrain Grand Prix,Bahrain International Circuit,RUS,George Russell,Mercedes,9,4,12.0,Finished,4,9,0,12.0,12.0,8.0
2022,1,Bahrain Grand Prix,Bahrain International Circuit,GAS,Pierre Gasly,AlphaTauri,10,20,0.0,Power Unit,20,10,0,12.0,12.0,9.0
2022,1,Bahrain Grand Prix,Bahrain International Circuit,OCO,Esteban Ocon,Alpine F1 Team,11,7,6.0,Finished,7,11,0,12.0,12.0,10.0
2022,1,Bahrain Grand Prix,Bahrain International Circuit,MSC,Mick Schumacher,Haas F1 Team,12,11,0.0,Finished,11,12,0,12.0,12.0,11.0
2022,1,Bahrain Grand Prix,Bahrain International Circuit,NOR,Lando Norris,McLaren,13,15,0.0,Finished,15,13,0,12.0,12.0,12.0
2022,1,Bahrain Grand Prix,Bahrain International Circuit,ALB,Alexander Albon,Williams,14,13,0.0,Finished,13,14,0,12.0,12.0,13.0
2022,1,Bahrain Grand Prix,Bahrain International Circuit,ZHO,Guanyu Zhou,Alfa Romeo,15,10,1.0,Finished,10,15,0,12.0,12.0,14.0
2022,1,Bahrain Grand Prix,Bahrain International Circuit,TSU,Yuki Tsunoda,AlphaTauri,16,8,4.0,Finished,8,16,0,12.0,12.0,15.0
2022,1,Bahrain Grand Prix,Bahrain International Circuit,HUL,Nico Hülkenberg,Aston Martin,17,17,0.0,Finished,17,17,0,12.0,12.0,16.0
2022,1,Bahrain Grand Prix,Bahrain International Circuit,RIC,Daniel Ricciardo,McLaren,18,14,0.0,Finished,14,18,0,12.0,12.0,17.0
2022,1,Bahrain Grand Prix,Bahrain International Circuit,STR,Lance Stroll,Aston Martin,19,12,0.0,Finished,12,19,0,12.0,12.0,18.0
2022,1,Bahrain Grand Prix,Bahrain International Circuit,LAT,Nicholas Latifi,Williams,20,16,0.0,Finished,16,20,0,12.0,12.0,19.0
2022,2,Saudi Arabian Grand Prix,Jeddah Corniche Circuit,PER,Sergio Pérez,Red Bull,1,4,12.0,Finished,4,1,0,18.0,19.0,0.0
2022,2,Saudi Arabian Grand Prix,Jeddah Corniche Circuit,LEC,Charles Leclerc,Ferrari,2,2,19.0,Finished,2,2,0,1.0,1.0,1.0
2022,2,Saudi Arabian Grand Prix,Jeddah Corniche Circuit,SAI,Carlos Sainz,Ferrari,3,3,15.0,Finished,3,3,0,2.0,1.5,2.0
2022,2,Saudi Arabian Grand Prix,Jeddah Corniche Circuit,VER,Max Verstappen,Red Bull,4,1,25.0,Finished,1,4,1,19.0,18.5,3.0
2022,2,Saudi Arabian Grand Prix,Jeddah Corniche Circuit,OCO,Esteban Ocon,Alpine F1 Team,5,6,8.0,Finished,6,5,0,7.0,9.0,4.0
2022,2,Saudi Arabian Grand Prix,Jeddah Corniche Circuit,RUS,George Russell,Mercedes,6,5,10.0,Finished,5,6,0,4.0,3.0,5.0
2022,2,Saudi Arabian Grand Prix,Jeddah Corniche Circuit,ALO,Fernando Alonso,Alpine F1 Team,7,16,0.0,Water pump,16,7,0,9.0,8.0,6.0
2022,2,Saudi Arabian Grand Prix,Jeddah Corniche Circuit,BOT,Valtteri Bottas,Alfa Romeo,8,15,0.0,Cooling system,15,8,0,6.0,6.0,7.0
2022,2,Saudi Arabian Grand Prix,Jeddah Corniche Circuit,GAS,Pierre Gasly,AlphaTauri,9,8,4.0,Finished,8,9,0,20.0,20.0,8.0
2022,2,Saudi Arabian Grand Prix,Jeddah Corniche Circuit,MAG,Kevin Magnussen,Haas F1 Team,10,9,2.0,Finished,9,10,0,5.0,5.0,9.0
2022,2,Saudi Arabian Grand Prix,Jeddah Corniche Circuit,NOR,Lando Norris,McLaren,11,7,6.0,Finished,7,11,0,15.0,15.0,10.0
2022,2,Saudi Arabian Grand Prix,Jeddah Corniche Circuit,ZHO,Guanyu Zhou,Alfa Romeo,12,11,0.0,Finished,11,12,0,10.0,8.0,11.0
2022,2,Saudi Arabian Grand Prix,Jeddah Corniche Circuit,STR,Lance Stroll,Aston Martin,13,13,0.0,+1 Lap,13,13,0,12.0,17.0,12.0
2022,2,Saudi Arabian Grand Prix,Jeddah Corniche Circuit,RIC,Daniel Ricciardo,McLaren,14,17,0.0,Gearbox,17,14,0,14.0,14.5,13.0
2022,2,Saudi Arabian Grand Prix,Jeddah Corniche Circuit,HAM,Lewis Hamilton,Mercedes,15,10,1.0,Finished,10,15,0,3.0,3.5,14.0
2022,2,Saudi Arabian Grand Prix,Jeddah Corniche Circuit,ALB,Alexander Albon,Williams,16,14,0.0,Collision damage,14,16,0,13.0,13.0,15.0
2022,2,Saudi Arabian Grand Prix,Jeddah Corniche Circuit,HUL,Nico Hülkenberg,Aston Martin,17,12,0.0,Finished,12,17,0,17.0,14.5,16.0
2022,2,Saudi Arabian Grand Prix,Jeddah Corniche Circuit,LAT,Nicholas Latifi,Williams,18,18,0.0,Accident,18,18,0,16.0,14.5,17.0
2022,2,Saudi Arabian Grand Prix,Jeddah Corniche Circuit,TSU,Yuki Tsunoda,AlphaTauri,19,19,0.0,Power Unit,19,19,0,8.0,14.0,18.0
2022,2,Saudi Arabian Grand Prix,Jeddah Corniche Circuit,MSC,Mick Schumacher,Haas F1 Team,0,20,0.0,Withdrew,20,20,0,11.0,8.0,19.0
2022,3,Australian Grand Prix,Albert Park Grand Prix Circuit,LEC,Charles Leclerc,Ferrari,1,1,26.0,Finished,1,1,1,1.5,1.6666666666666667,0.0
2022,3,Australian Grand Prix,Albert Park Grand Prix Circuit,VER,Max Verstappen,Red Bull,2,18,0.0,Fuel leak,18,2,0,10.0,13.666666666666666,1.0
2022,3,Australian Grand Prix,Albert Park Grand Prix Circuit,PER,Sergio Pérez,Red Bull,3,2,18.0,Finished,2,3,0,11.0,10.5,2.0
2022,3,Australian Grand Prix,Albert Park Grand Prix Circuit,NOR,Lando Norris,McLaren,4,5,10.0,Finished,5,4,0,11.0,12.0,3.0
2022,3,Australian Grand Prix,Albert Park Grand Prix Circuit,HAM,Lewis Hamilton,Mercedes,5,4,12.0,Finished,4,5,0,6.5,4.0,4.0
2022,3,Australian Grand Prix,Albert Park Grand Prix Circuit,RUS,George Russell,Mercedes,6,3,15.0,Finished,3,6,0,4.5,5.5,5.0
2022,3,Australian Grand Prix,Albert Park Grand Prix Circuit,RIC,Daniel Ricciardo,McLaren,7,6,8.0,Finished,6,7,0,15.5,13.25,6.0
2022,3,Australian Grand Prix,Albert Park Grand Prix Circuit,OCO,Esteban Ocon,Alpine F1 Team,8,7,6.0,Finished,7,8,0,6.5,7.333333333333333,7.0
2022,3,Australian Grand Prix,Albert Park Grand Prix Circuit,SAI,Carlos Sainz,Ferrari,9,20,0.0,Spun off,20,9,0,2.5,2.0,8.0
2022,3,Australian Grand Prix,Albert Park Grand Prix Circuit,ALO,Fernando Alonso,Alpine F1 Team,10,17,0.0,+1 Lap,17,10,0,12.5,9.5,9.0
2022,3,Australian Grand Prix,Albert Park Grand Prix Circuit,GAS,Pierre Gasly,AlphaTauri,11,9,2.0,Finished,9,11,0,14.0,12.0,10.0
2022,3,Australian Grand Prix,Albert Park Grand Prix Circuit,BOT,Valtteri Bottas,Alfa Romeo,12,8,4.0,Finished,8,12,0,10.5,10.333333333333334,11.0
2022,3,Australian Grand Prix,Albert Park Grand Prix Circuit,TSU,Yuki Tsunoda,AlphaTauri,13,15,0.0,+1 Lap,15,13,0,13.5,13.75,12.0
2022,3,Australian Grand Prix,Albert Park Grand Prix Circuit,ZHO,Guanyu Zhou,Alfa Romeo,14,11,0.0,Finished,11,14,0,10.5,10.5,13.0
2022,3,Australian Grand Prix,Albert Park Grand Prix Circuit,MSC,Mick Schumacher,Haas F1 Team,15,13,0.0,+1 Lap,13,15,0,15.5,8.333333333333334,14.0
2022,3,Australian Grand Prix,Albert Park Grand Prix Circuit,MAG,Kevin Magnussen,Haas F1 Team,16,14,0.0,+1 Lap,14,16,0,7.0,11.25,15.0
2022,3,Australian Grand Prix,Albert Park Grand Prix Circuit,VET,Sebastian Vettel,Aston Martin,17,19,0.0,Accident,19,17,0,12.0,14.0,16.0
2022,3,Australian Grand Prix,Albert Park Grand Prix Circuit,LAT,Nicholas Latifi,Williams,18,16,0.0,+1 Lap,16,18,0,17.0,14.333333333333334,17.0
2022,3,Australian Grand Prix,Albert Park Grand Prix Circuit,STR,Lance Stroll,Aston Martin,19,12,0.0,Finished,12,19,0,12.5,13.5,18.0
2022,3,Australian Grand Prix,Albert Park Grand Prix Circuit,ALB,Alexander Albon,Williams,20,10,1.0,Finished,10,20,0,13.5,15.25,19.0
2022,4,Emilia Romagna Grand Prix,Autodromo Enzo e Dino Ferrari,VER,Max Verstappen,Red Bull,1,1,26.0,Finished,1,1,1,12.666666666666666,12.0,0.0
2022,4,Emilia Romagna Grand Prix,Autodromo Enzo e Dino Ferrari,LEC,Charles Leclerc,Ferrari,2,6,8.0,Finished,6,2,0,1.3333333333333333,1.8,1.0
2022,4,Emilia Romagna Grand Prix,Autodromo Enzo e Dino Ferrari,PER,Sergio Pérez,Red Bull,3,2,18.0,Finished,2,3,0,8.0,10.333333333333334,2.0
2022,4,Emilia Romagna Grand Prix,Autodromo Enzo e Dino Ferrari,SAI,Carlos Sainz,Ferrari,4,20,0.0,Collision,20,4,0,8.333333333333334,4.833333333333333,3.0
2022,4,Emilia Romagna Grand Prix,Autodromo Enzo e Dino Ferrari,NOR,Lando Norris,McLaren,5,3,15.0,Finished,3,5,0,9.0,11.6,4.0
2022,4,Emilia Romagna Grand Prix,Autodromo Enzo e Dino Ferrari,RIC,Daniel Ricciardo,McLaren,6,18,0.0,+1 Lap,18,6,0,12.333333333333334,10.666666666666666,5.0
2022,4,Emilia Romagna Grand Prix,Autodromo Enzo e Dino Ferrari,BOT,Valtteri Bottas,Alfa Romeo,7,5,10.0,Finished,5,7,0,9.666666666666666,10.0,6.0
2022,4,Emilia Romagna Grand Prix,Autodromo Enzo e Dino Ferrari,MAG,Kevin Magnussen,Haas F1 Team,8,9,2.0,Finished,9,8,0,9.333333333333334,11.6,7.0
2022,4,Emilia Romagna Grand Prix,Autodromo Enzo e Dino Ferrari,ALO,Fernando Alonso,Alpine F1 Team,9,19,0.0,Collision damage,19,9,0,14.0,9.0,8.0
2022,4,Emilia Romagna Grand Prix,Autodromo Enzo e Dino Ferrari,MSC,Mick Schumacher,Haas F1 Team,10,17,0.0,+1 Lap,17,10,0,14.666666666666666,12.0,9.0
2022,4,Emilia Romagna Grand Prix,Autodromo Enzo e Dino Ferrari,RUS,George Russell,Mercedes,11,4,12.0,Finished,4,11,0,4.0,5.2,10.0
2022,4,Emilia Romagna Grand Prix,Autodromo Enzo e Dino Ferrari,TSU,Yuki Tsunoda,AlphaTauri,12,7,6.0,Finished,7,12,0,14.0,12.8,11.0
2022,4,Emilia Romagna Grand Prix,Autodromo Enzo e Dino Ferrari,VET,Sebastian Vettel,Aston Martin,13,8,4.0,Finished,8,13,0,19.0,14.6,12.0
2022,4,Emilia Romagna Grand Prix,Autodromo Enzo e Dino Ferrari,HAM,Lewis Hamilton,Mercedes,14,13,0.0,+1 Lap,13,14,0,5.666666666666667,4.833333333333333,13.0
2022,4,Emilia Romagna Grand Prix,Autodromo Enzo e Dino Ferrari,STR,Lance Stroll,Aston Martin,15,10,1.0,+1 Lap,10,15,0,12.333333333333334,14.166666666666666,14.0
2022,4,Emilia Romagna Grand Prix,Autodromo Enzo e Dino Ferrari,OCO,Esteban Ocon,Alpine F1 Team,16,14,0.0,+1 Lap,14,16,0,6.666666666666667,10.333333333333334,15.0
2022,4,Emilia Romagna Grand Prix,Autodromo Enzo e Dino Ferrari,GAS,Pierre Gasly,AlphaTauri,17,12,0.0,+1 Lap,12,17,0,12.333333333333334,13.166666666666666,16.0
2022,4,Emilia Romagna Grand Prix,Autodromo Enzo e Dino Ferrari,ALB,Alexander Albon,Williams,18,11,0.0,+1 Lap,11,18,0,12.333333333333334,15.4,17.0
2022,4,Emilia Romagna Grand Prix,Autodromo Enzo e Dino Ferrari,LAT,Nicholas Latifi,Williams,19,16,0.0,+1 Lap,16,19,0,16.666666666666668,14.5,18.0
2022,4,Emilia Romagna Grand Prix,Autodromo Enzo e Dino Ferrari,ZHO,Guanyu Zhou,Alfa Romeo,0,15,0.0,+1 Lap,15,20,0,10.666666666666666,10.166666666666666,19.0
2022,5,Miami Grand Prix,Miami International Autodrome,LEC,Charles Leclerc,Ferrari,1,2,18.0,Finished,2,1,0,3.0,5.666666666666667,0.0
2022,5,Miami Grand Prix,Miami International Autodrome,SAI,Carlos Sainz,Ferrari,2,3,15.0,Finished,3,2,0,14.333333333333334,8.666666666666666,1.0
2022,5,Miami Grand Prix,Miami International Autodrome,VER,Max Verstappen,Red Bull,3,1,26.0,Finished,1,3,1,6.666666666666667,7.333333333333333,2.0
2022,5,Miami Grand Prix,Miami International Autodrome,PER,Sergio Pérez,Red Bull,4,4,12.0,Finished,4,4,0,2.6666666666666665,4.666666666666667,3.0
2022,5,Miami Grand Prix,Miami International Autodrome,BOT,Valtteri Bottas,Alfa Romeo,5,7,6.0,Finished,7,5,0,9.333333333333334,10.0,4.0
2022,5,Miami Grand Prix,Miami International Autodrome,HAM,Lewis Hamilton,Mercedes,6,6,8.0,Finished,6,6,0,9.0,5.0,5.0
2022,5,Miami Grand Prix,Miami International Autodrome,GAS,Pierre Gasly,AlphaTauri,7,18,0.0,Suspension,18,7,0,9.666666666666666,11.0,6.0
2022,5,Miami Grand Prix,Miami International Autodrome,NOR,Lando Norris,McLaren,8,19,0.0,Collision,19,8,0,5.0,8.666666666666666,7.0
2022,5,Miami Grand Prix,Miami International Autodrome,TSU,Yuki Tsunoda,AlphaTauri,9,12,0.0,Finished,12,9,0,13.666666666666666,11.666666666666666,8.0
2022,5,Miami Grand Prix,Miami International Autodrome,ALO,Fernando Alonso,Alpine F1 Team,11,11,0.0,Finished,11,11,0,17.333333333333332,12.0,10.0
2022,5,Miami Grand Prix,Miami International Autodrome,RUS,George Russell,Mercedes,12,5,10.0,Finished,5,12,0,4.0,6.5,11.0
2022,5,Miami Grand Prix,Miami International Autodrome,RIC,Daniel Ricciardo,McLaren,14,13,0.0,Finished,13,14,0,13.666666666666666,9.333333333333334,13.0
2022,5,Miami Grand Prix,Miami International Autodrome,MSC,Mick Schumacher,Haas F1 Team,15,15,0.0,Finished,15,15,0,16.666666666666668,12.666666666666666,14.0
2022,5,Miami Grand Prix,Miami International Autodrome,MAG,Kevin Magnussen,Haas F1 Team,16,16,0.0,Front wing,16,16,0,10.666666666666666,13.666666666666666,15.0
2022,5,Miami Grand Prix,Miami International Autodrome,ZHO,Guanyu Zhou,Alfa Romeo,17,20,0.0,Water leak,20,17,0,12.333333333333334,10.833333333333334,16.0
2022,5,Miami Grand Prix,Miami International Autodrome,ALB,Alexander Albon,Williams,18,9,2.0,Finished,9,18,0,11.666666666666666,14.166666666666666,17.0
2022,5,Miami Grand Prix,Miami International Autodrome,LAT,Nicholas Latifi,Williams,19,14,0.0,Finished,14,19,0,16.666666666666668,14.166666666666666,18.0
2022,5,Miami Grand Prix,Miami International Autodrome,OCO,Esteban Ocon,Alpine F1 Team,20,8,4.0,Finished,8,20,0,9.0,13.166666666666666,19.0
2022,5,Miami Grand Prix,Miami International Autodrome,STR,Lance Stroll,Aston Martin,0,10,1.0,Finished,10,20,0,11.666666666666666,12.666666666666666,19.0
2022,5,Miami Grand Prix,Miami International Autodrome,VET,Sebastian Vettel,Aston Martin,0,17,0.0,Collision,17,20,0,13.5,12.333333333333334,19.0
2022,6,Spanish Grand Prix,Circuit de Barcelona-Catalunya,LEC,Charles Leclerc,Ferrari,1,20,0.0,Turbo,20,1,0,3.0,8.666666666666666,0.0
2022,6,Spanish Grand Prix,Circuit de Barcelona-Catalunya,VER,Max Verstappen,Red Bull,2,1,25.0,Finished,1,2,1,6.666666666666667,4.166666666666667,1.0
2022,6,Spanish Grand Prix,Circuit de Barcelona-Catalunya,SAI,Carlos Sainz,Ferrari,3,4,12.0,Finished,4,3,0,14.333333333333334,8.666666666666666,2.0
2022,6,Spanish Grand Prix,Circuit de Barcelona-Catalunya,RUS,George Russell,Mercedes,4,3,15.0,Finished,3,4,0,4.0,6.666666666666667,3.0
2022,6,Spanish Grand Prix,Circuit de Barcelona-Catalunya,PER,Sergio Pérez,Red Bull,5,2,19.0,Finished,2,5,0,2.6666666666666665,4.666666666666667,4.0
2022,6,Spanish Grand Prix,Circuit de Barcelona-Catalunya,HAM,Lewis Hamilton,Mercedes,6,5,10.0,Finished,5,6,0,7.666666666666667,5.833333333333333,5.0
2022,6,Spanish Grand Prix,Circuit de Barcelona-Catalunya,BOT,Valtteri Bottas,Alfa Romeo,7,6,8.0,Finished,6,7,0,6.666666666666667,9.5,6.0
2022,6,Spanish Grand Prix,Circuit de Barcelona-Catalunya,MAG,Kevin Magnussen,Haas F1 Team,8,17,0.0,+2 Laps,17,8,0,13.0,14.666666666666666,7.0
2022,6,Spanish Grand Prix,Circuit de Barcelona-Catalunya,RIC,Daniel Ricciardo,McLaren,9,12,0.0,+1 Lap,12,9,0,12.333333333333334,11.333333333333334,8.0
2022,6,Spanish Grand Prix,Circuit de Barcelona-Catalunya,MSC,Mick Schumacher,Haas F1 Team,10,14,0.0,+1 Lap,14,10,0,15.0,14.0,9.0
2022,6,Spanish Grand Prix,Circuit de Barcelona-Catalunya,NOR,Lando Norris,McLaren,11,8,4.0,Finished,8,11,0,9.0,10.666666666666666,10.0
2022,6,Spanish Grand Prix,Circuit de Barcelona-Catalunya,OCO,Esteban Ocon,Alpine F1 Team,12,7,6.0,Finished,7,12,0,9.666666666666666,14.0,11.0
2022,6,Spanish Grand Prix,Circuit de Barcelona-Catalunya,TSU,Yuki Tsunoda,AlphaTauri,13,10,1.0,+1 Lap,10,13,0,11.333333333333334,13.333333333333334,12.0
2022,6,Spanish Grand Prix,Circuit de Barcelona-Catalunya,GAS,Pierre Gasly,AlphaTauri,14,13,0.0,+1 Lap,13,14,0,13.0,12.166666666666666,13.0
2022,6,Spanish Grand Prix,Circuit de Barcelona-Catalunya,ZHO,Guanyu Zhou,Alfa Romeo,15,19,0.0,Power loss,19,15,0,15.333333333333334,11.0,14.0
2022,6,Spanish Grand Prix,Circuit de Barcelona-Catalunya,VET,Sebastian Vettel,Aston Martin,16,11,0.0,+1 Lap,11,16,0,14.666666666666666,11.833333333333334,15.0
2022,6,Spanish Grand Prix,Circuit de Barcelona-Catalunya,STR,Lance Stroll,Aston Martin,17,15,0.0,+1 Lap,15,17,0,10.666666666666666,12.666666666666666,16.0
2022,6,Spanish Grand Prix,Circuit de Barcelona-Catalunya,ALB,Alexander Albon,Williams,18,18,0.0,+2 Laps,18,18,0,10.0,13.333333333333334,17.0
2022,6,Spanish Grand Prix,Circuit de Barcelona-Catalunya,LAT,Nicholas Latifi,Williams,19,16,0.0,+2 Laps,16,19,0,15.333333333333334,12.666666666666666,18.0
2022,6,Spanish Grand Prix,Circuit de Barcelona-Catalunya,ALO,Fernando Alonso,Alpine F1 Team,20,9,2.0,+1 Lap,9,20,0,15.666666666666666,12.666666666666666,19.0
2022,7,Monaco Grand Prix,Circuit de Monaco,LEC,Charles Leclerc,Ferrari,1,4,12.0,Finished,4,1,0,9.333333333333334,11.833333333333334,0.0
2022,7,Monaco Grand Prix,Circuit de Monaco,SAI,Carlos Sainz,Ferrari,2,2,18.0,Finished,2,2,0,9.0,9.166666666666666,1.0
2022,7,Monaco Grand Prix,Circuit de Monaco,PER,Sergio Pérez,Red Bull,3,1,25.0,Finished,1,3,1,2.6666666666666665,1.8333333333333333,2.0
2022,7,Monaco Grand Prix,Circuit de Monaco,VER,Max Verstappen,Red Bull,4,3,15.0,Finished,3,4,0,1.0,1.8333333333333333,3.0
2022,7,Monaco Grand Prix,Circuit de Monaco,NOR,Lando Norris,McLaren,5,6,9.0,Finished,6,5,0,10.0,11.833333333333334,4.0
2022,7,Monaco Grand Prix,Circuit de Monaco,RUS,George Russell,Mercedes,6,5,10.0,Finished,5,6,0,4.0,5.666666666666667,5.0
2022,7,Monaco Grand Prix,Circuit de Monaco,ALO,Fernando Alonso,Alpine F1 Team,7,7,6.0,Finished,7,7,0,13.0,12.666666666666666,6.0
2022,7,Monaco Grand Prix,Circuit de Monaco,HAM,Lewis Hamilton,Mercedes,8,8,4.0,Finished,8,8,0,8.0,6.0,7.0
2022,7,Monaco Grand Prix,Circuit de Monaco,VET,Sebastian Vettel,Aston Martin,9,10,1.0,Finished,10,9,0,12.0,11.333333333333334,8.0
2022,7,Monaco Grand Prix,Circuit de Monaco,OCO,Esteban Ocon,Alpine F1 Team,10,12,0.0,Finished,12,10,0,9.666666666666666,11.333333333333334,9.0
2022,7,Monaco Grand Prix,Circuit de Monaco,TSU,Yuki Tsunoda,AlphaTauri,11,17,0.0,+1 Lap,17,11,0,9.666666666666666,12.333333333333334,10.0
2022,7,Monaco Grand Prix,Circuit de Monaco,BOT,Valtteri Bottas,Alfa Romeo,12,9,2.0,Finished,9,12,0,6.0,10.666666666666666,11.0
2022,7,Monaco Grand Prix,Circuit de Monaco,MAG,Kevin Magnussen,Haas F1 Team,13,20,0.0,Water pressure,20,13,0,14.0,14.666666666666666,12.0
2022,7,Monaco Grand Prix,Circuit de Monaco,RIC,Daniel Ricciardo,McLaren,14,13,0.0,Finished,13,14,0,14.333333333333334,12.166666666666666,13.0
2022,7,Monaco Grand Prix,Circuit de Monaco,MSC,Mick Schumacher,Haas F1 Team,15,19,0.0,Accident,19,15,0,15.333333333333334,14.666666666666666,14.0
2022,7,Monaco Grand Prix,Circuit de Monaco,ALB,Alexander Albon,Williams,16,18,0.0,Mechanical,18,16,0,12.666666666666666,13.0,15.0
2022,7,Monaco Grand Prix,Circuit de Monaco,GAS,Pierre Gasly,AlphaTauri,17,11,0.0,Finished,11,17,0,14.333333333333334,12.0,16.0
2022,7,Monaco Grand Prix,Circuit de Monaco,STR,Lance Stroll,Aston Martin,18,14,0.0,Finished,14,18,0,11.666666666666666,11.833333333333334,17.0
2022,7,Monaco Grand Prix,Circuit de Monaco,LAT,Nicholas Latifi,Williams,19,15,0.0,+1 Lap,15,19,0,15.333333333333334,14.0,18.0
2022,7,Monaco Grand Prix,Circuit de Monaco,ZHO,Guanyu Zhou,Alfa Romeo,20,16,0.0,+1 Lap,16,20,0,18.0,12.0,19.0
2022,8,Azerbaijan Grand Prix,Baku City Circuit,LEC,Charles Leclerc,Ferrari,1,19,0.0,Power Unit,19,1,0,8.666666666666666,8.833333333333334,0.0
2022,8,Azerbaijan Grand Prix,Baku City Circuit,PER,Sergio Pérez,Red Bull,2,2,19.0,Finished,2,2,0,2.3333333333333335,1.8333333333333333,1.0
2022,8,Azerbaijan Grand Prix,Baku City Circuit,VER,Max Verstappen,Red Bull,3,1,25.0,Finished,1,3,1,1.6666666666666667,2.0,2.0
2022,8,Azerbaijan Grand Prix,Baku City Circuit,SAI,Carlos Sainz,Ferrari,4,20,0.0,Hydraulics,20,4,0,3.0,5.833333333333333,3.0
2022,8,Azerbaijan Grand Prix,Baku City Circuit,RUS,George Russell,Mercedes,5,3,15.0,Finished,3,5,0,4.333333333333333,6.166666666666667,4.0
2022,8,Azerbaijan Grand Prix,Baku City Circuit,GAS,Pierre Gasly,AlphaTauri,6,5,10.0,Finished,5,6,0,14.0,13.666666666666666,5.0
2022,8,Azerbaijan Grand Prix,Baku City Circuit,HAM,Lewis Hamilton,Mercedes,7,4,12.0,Finished,4,7,0,6.333333333333333,5.333333333333333,6.0
2022,8,Azerbaijan Grand Prix,Baku City Circuit,TSU,Yuki Tsunoda,AlphaTauri,8,13,0.0,+1 Lap,13,8,0,13.0,13.5,7.0
2022,8,Azerbaijan Grand Prix,Baku City Circuit,VET,Sebastian Vettel,Aston Martin,9,6,8.0,Finished,6,9,0,12.666666666666666,12.166666666666666,8.0
2022,8,Azerbaijan Grand Prix,Baku City Circuit,ALO,Fernando Alonso,Alpine F1 Team,10,7,6.0,Finished,7,10,0,9.0,9.333333333333334,9.0
2022,8,Azerbaijan Grand Prix,Baku City Circuit,NOR,Lando Norris,McLaren,11,9,2.0,Finished,9,11,0,11.0,12.666666666666666,10.0
2022,8,Azerbaijan Grand Prix,Baku City Circuit,RIC,Daniel Ricciardo,McLaren,12,8,4.0,Finished,8,12,0,12.666666666666666,11.833333333333334,11.0
2022,8,Azerbaijan Grand Prix,Baku City Circuit,OCO,Esteban Ocon,Alpine F1 Team,13,10,1.0,Finished,10,13,0,9.0,9.0,12.0
2022,8,Azerbaijan Grand Prix,Baku City Circuit,ZHO,Guanyu Zhou,Alfa Romeo,14,18,0.0,Hydraulics,18,14,0,18.333333333333332,12.666666666666666,13.0
2022,8,Azerbaijan Grand Prix,Baku City Circuit,BOT,Valtteri Bottas,Alfa Romeo,15,11,0.0,+1 Lap,11,15,0,7.333333333333333,12.833333333333334,14.0
2022,8,Azerbaijan Grand Prix,Baku City Circuit,MAG,Kevin Magnussen,Haas F1 Team,16,17,0.0,Power Unit,17,16,0,17.666666666666668,16.5,15.0
2022,8,Azerbaijan Grand Prix,Baku City Circuit,ALB,Alexander Albon,Williams,17,12,0.0,+1 Lap,12,17,0,15.0,15.166666666666666,16.0
2022,8,Azerbaijan Grand Prix,Baku City Circuit,LAT,Nicholas Latifi,Williams,18,15,0.0,+1 Lap,15,18,0,15.0,15.0,17.0
2022,8,Azerbaijan Grand Prix,Baku City Circuit,STR,Lance Stroll,Aston Martin,19,16,0.0,Vibrations,16,19,0,13.0,12.833333333333334,18.0
2022,8,Azerbaijan Grand Prix,Baku City Circuit,MSC,Mick Schumacher,Haas F1 Team,20,14,0.0,+1 Lap,14,20,0,16.0,16.833333333333332,19.0
2022,9,Canadian Grand Prix,Circuit Gilles Villeneuve,VER,Max Verstappen,Red Bull,1,1,25.0,Finished,1,1,1,1.6666666666666667,2.1666666666666665,0.0
2022,9,Canadian Grand Prix,Circuit Gilles Villeneuve,ALO,Fernando Alonso,Alpine F1 Team,2,9,2.0,Finished,9,2,0,7.666666666666667,8.333333333333334,1.0
2022,9,Canadian Grand Prix,Circuit Gilles Villeneuve,SAI,Carlos Sainz,Ferrari,3,2,19.0,Finished,2,3,0,8.666666666666666,8.666666666666666,2.0
2022,9,Canadian Grand Prix,Circuit Gilles Villeneuve,HAM,Lewis Hamilton,Mercedes,4,3,15.0,Finished,3,4,0,5.666666666666667,4.833333333333333,3.0
2022,9,Canadian Grand Prix,Circuit Gilles Villeneuve,MAG,Kevin Magnussen,Haas F1 Team,5,17,0.0,Finished,17,5,0,18.0,17.166666666666668,4.0
2022,9,Canadian Grand Prix,Circuit Gilles Villeneuve,MSC,Mick Schumacher,Haas F1 Team,6,19,0.0,Engine,19,6,0,15.666666666666666,16.833333333333332,5.0
2022,9,Canadian Grand Prix,Circuit Gilles Villeneuve,OCO,Esteban Ocon,Alpine F1 Team,7,6,8.0,Finished,6,7,0,9.666666666666666,8.666666666666666,6.0
2022,9,Canadian Grand Prix,Circuit Gilles Villeneuve,RUS,George Russell,Mercedes,8,4,12.0,Finished,4,8,0,3.6666666666666665,4.666666666666667,7.0
2022,9,Canadian Grand Prix,Circuit Gilles Villeneuve,RIC,Daniel Ricciardo,McLaren,9,11,0.0,Finished,11,9,0,11.0,10.166666666666666,8.0
2022,9,Canadian Grand Prix,Circuit Gilles Villeneuve,ZHO,Guanyu Zhou,Alfa Romeo,10,8,4.0,Finished,8,10,0,17.666666666666668,14.666666666666666,9.0
2022,9,Canadian Grand Prix,Circuit Gilles Villeneuve,BOT,Valtteri Bottas,Alfa Romeo,11,7,6.0,Finished,7,11,0,8.666666666666666,13.166666666666666,10.0
2022,9,Canadian Grand Prix,Circuit Gilles Villeneuve,ALB,Alexander Albon,Williams,12,13,0.0,Finished,13,12,0,16.0,15.5,11.0
2022,9,Canadian Grand Prix,Circuit Gilles Villeneuve,PER,Sergio Pérez,Red Bull,13,20,0.0,Gearbox,20,13,0,1.6666666666666667,1.6666666666666667,12.0
2022,9,Canadian Grand Prix,Circuit Gilles Villeneuve,NOR,Lando Norris,McLaren,14,15,0.0,Finished,15,14,0,7.666666666666667,9.333333333333334,13.0
2022,9,Canadian Grand Prix,Circuit Gilles Villeneuve,GAS,Pierre Gasly,AlphaTauri,15,14,0.0,Finished,14,15,0,9.666666666666666,11.333333333333334,14.0
2022,9,Canadian Grand Prix,Circuit Gilles Villeneuve,VET,Sebastian Vettel,Aston Martin,16,12,0.0,Finished,12,16,0,9.0,12.166666666666666,15.0
2022,9,Canadian Grand Prix,Circuit Gilles Villeneuve,STR,Lance Stroll,Aston Martin,17,10,1.0,Finished,10,17,0,15.0,12.0,16.0
2022,9,Canadian Grand Prix,Circuit Gilles Villeneuve,LAT,Nicholas Latifi,Williams,18,16,0.0,Finished,16,18,0,15.333333333333334,15.666666666666666,17.0
2022,9,Canadian Grand Prix,Circuit Gilles Villeneuve,LEC,Charles Leclerc,Ferrari,19,5,10.0,Finished,5,19,0,14.333333333333334,11.5,18.0
2022,9,Canadian Grand Prix,Circuit Gilles Villeneuve,TSU,Yuki Tsunoda,AlphaTauri,20,18,0.0,Accident,18,20,0,13.333333333333334,11.5,19.0
2022,10,British Grand Prix,Silverstone Circuit,SAI,Carlos Sainz,Ferrari,1,1,25.0,Finished,1,1,1,8.0,8.5,0.0
2022,10,British Grand Prix,Silverstone Circuit,VER,Max Verstappen,Red Bull,2,7,6.0,Finished,7,2,0,1.6666666666666667,1.6666666666666667,1.0
2022,10,British Grand Prix,Silverstone Circuit,LEC,Charles Leclerc,Ferrari,3,4,12.0,Finished,4,3,0,9.333333333333334,8.666666666666666,2.0
2022,10,British Grand Prix,Silverstone Circuit,PER,Sergio Pérez,Red Bull,4,2,18.0,Finished,2,4,0,7.666666666666667,4.666666666666667,3.0
2022,10,British Grand Prix,Silverstone Circuit,HAM,Lewis Hamilton,Mercedes,5,3,16.0,Finished,3,5,0,5.0,4.666666666666667,4.0
2022,10,British Grand Prix,Silverstone Circuit,NOR,Lando Norris,McLaren,6,6,8.0,Finished,6,6,0,10.0,9.166666666666666,5.0
2022,10,British Grand Prix,Silverstone Circuit,ALO,Fernando Alonso,Alpine F1 Team,7,5,10.0,Finished,5,7,0,7.666666666666667,9.0,6.0
2022,10,British Grand Prix,Silverstone Circuit,RUS,George Russell,Mercedes,8,18,0.0,Collision,18,8,0,4.0,4.5,7.0
2022,10,British Grand Prix,Silverstone Circuit,ZHO,Guanyu Zhou,Alfa Romeo,9,19,0.0,Collision,19,9,0,14.0,13.5,8.0
2022,10,British Grand Prix,Silverstone Circuit,LAT,Nicholas Latifi,Williams,10,12,0.0,Finished,12,10,0,15.333333333333334,14.833333333333334,9.0
2022,10,British Grand Prix,Silverstone Circuit,GAS,Pierre Gasly,AlphaTauri,11,16,0.0,Collision damage,16,11,0,10.0,12.166666666666666,10.0
2022,10,British Grand Prix,Silverstone Circuit,BOT,Valtteri Bottas,Alfa Romeo,12,17,0.0,Gearbox,17,12,0,9.0,11.5,11.0
2022,10,British Grand Prix,Silverstone Circuit,TSU,Yuki Tsunoda,AlphaTauri,13,14,0.0,Finished,14,13,0,16.0,13.0,12.0
2022,10,British Grand Prix,Silverstone Circuit,RIC,Daniel Ricciardo,McLaren,14,13,0.0,Finished,13,14,0,10.666666666666666,10.333333333333334,13.0
2022,10,British Grand Prix,Silverstone Circuit,OCO,Esteban Ocon,Alpine F1 Team,15,15,0.0,Fuel pump,15,15,0,9.333333333333334,8.5,14.0
2022,10,British Grand Prix,Silverstone Circuit,ALB,Alexander Albon,Williams,16,20,0.0,Collision,20,16,0,14.333333333333334,14.833333333333334,15.0
2022,10,British Grand Prix,Silverstone Circuit,MAG,Kevin Magnussen,Haas F1 Team,17,10,1.0,Finished,10,17,0,18.0,16.833333333333332,16.0
2022,10,British Grand Prix,Silverstone Circuit,VET,Sebastian Vettel,Aston Martin,18,9,2.0,Finished,9,18,0,9.333333333333334,12.166666666666666,17.0
2022,10,British Grand Prix,Silverstone Circuit,MSC,Mick Schumacher,Haas F1 Team,19,8,4.0,Finished,8,19,0,17.333333333333332,17.666666666666668,18.0
2022,10,British Grand Prix,Silverstone Circuit,STR,Lance Stroll,Aston Martin,20,11,0.0,Finished,11,20,0,13.333333333333334,11.333333333333334,19.0
2022,11,Austrian Grand Prix,Red Bull Ring,VER,Max Verstappen,Red Bull,1,2,19.0,Finished,2,1,0,3.0,5.666666666666667,0.0
2022,11,Austrian Grand Prix,Red Bull Ring,LEC,Charles Leclerc,Ferrari,2,1,25.0,Finished,1,2,1,9.333333333333334,8.166666666666666,1.0
2022,11,Austrian Grand Prix,Red Bull Ring,SAI,Carlos Sainz,Ferrari,3,18,0.0,Power Unit,18,3,0,7.666666666666667,8.5,2.0
2022,11,Austrian Grand Prix,Red Bull Ring,RUS,George Russell,Mercedes,4,4,12.0,Finished,4,4,0,8.333333333333334,4.166666666666667,3.0
2022,11,Austrian Grand Prix,Red Bull Ring,PER,Sergio Pérez,Red Bull,5,20,0.0,Collision damage,20,5,0,8.0,5.5,4.0
2022,11,Austrian Grand Prix,Red Bull Ring,OCO,Esteban Ocon,Alpine F1 Team,6,5,10.0,Finished,5,6,0,10.333333333333334,8.166666666666666,5.0
2022,11,Austrian Grand Prix,Red Bull Ring,MAG,Kevin Magnussen,Haas F1 Team,7,8,4.0,+1 Lap,8,7,0,14.666666666666666,16.0,6.0
2022,11,Austrian Grand Prix,Red Bull Ring,HAM,Lewis Hamilton,Mercedes,8,3,15.0,Finished,3,8,0,3.3333333333333335,5.833333333333333,7.0
2022,11,Austrian Grand Prix,Red Bull Ring,MSC,Mick Schumacher,Haas F1 Team,9,6,8.0,+1 Lap,6,9,0,13.666666666666666,14.166666666666666,8.0
2022,11,Austrian Grand Prix,Red Bull Ring,NOR,Lando Norris,McLaren,10,7,6.0,+1 Lap,7,10,0,10.0,10.333333333333334,9.0
2022,11,Austrian Grand Prix,Red Bull Ring,RIC,Daniel Ricciardo,McLaren,11,9,2.0,+1 Lap,9,11,0,10.666666666666666,10.333333333333334,10.0
2022,11,Austrian Grand Prix,Red Bull Ring,STR,Lance Stroll,Aston Martin,12,13,0.0,+1 Lap,13,12,0,12.333333333333334,11.166666666666666,11.0
2022,11,Austrian Grand Prix,Red Bull Ring,ZHO,Guanyu Zhou,Alfa Romeo,13,14,0.0,+1 Lap,14,13,0,15.0,13.166666666666666,12.0
2022,11,Austrian Grand Prix,Red Bull Ring,GAS,Pierre Gasly,AlphaTauri,14,15,0.0,+1 Lap,15,14,0,11.666666666666666,12.833333333333334,13.0
2022,11,Austrian Grand Prix,Red Bull Ring,ALB,Alexander Albon,Williams,15,12,0.0,+1 Lap,12,15,0,15.0,13.833333333333334,14.0
2022,11,Austrian Grand Prix,Red Bull Ring,TSU,Yuki Tsunoda,AlphaTauri,16,16,0.0,+1 Lap,16,16,0,15.0,13.333333333333334,15.0
2022,11,Austrian Grand Prix,Red Bull Ring,LAT,Nicholas Latifi,Williams,17,19,0.0,Undertray,19,17,0,14.333333333333334,14.666666666666666,16.0
2022,11,Austrian Grand Prix,Red Bull Ring,VET,Sebastian Vettel,Aston Martin,18,17,0.0,+1 Lap,17,18,0,9.0,10.666666666666666,17.0
2022,11,Austrian Grand Prix,Red Bull Ring,ALO,Fernando Alonso,Alpine F1 Team,19,10,1.0,+1 Lap,10,19,0,7.0,8.666666666666666,18.0
2022,11,Austrian Grand Prix,Red Bull Ring,BOT,Valtteri Bottas,Alfa Romeo,0,11,0.0,+1 Lap,11,20,0,11.666666666666666,13.333333333333334,19.0
2022,12,French Grand Prix,Circuit Paul Ricard,LEC,Charles Leclerc,Ferrari,1,19,0.0,Accident,19,1,0,3.3333333333333335,5.5,0.0
2022,12,French Grand Prix,Circuit Paul Ricard,VER,Max Verstappen,Red Bull,2,1,25.0,Finished,1,2,1,3.3333333333333335,5.5,1.0
2022,12,French Grand Prix,Circuit Paul Ricard,PER,Sergio Pérez,Red Bull,3,4,12.0,Finished,4,3,0,14.0,8.666666666666666,2.0
2022,12,French Grand Prix,Circuit Paul Ricard,HAM,Lewis Hamilton,Mercedes,4,2,18.0,Finished,2,4,0,3.0,6.0,3.0
2022,12,French Grand Prix,Circuit Paul Ricard,NOR,Lando Norris,McLaren,5,7,6.0,Finished,7,5,0,9.333333333333334,10.0,4.0
2022,12,French Grand Prix,Circuit Paul Ricard,RUS,George Russell,Mercedes,6,3,15.0,Finished,3,6,0,8.666666666666666,5.833333333333333,5.0
2022,12,French Grand Prix,Circuit Paul Ricard,ALO,Fernando Alonso,Alpine F1 Team,7,6,8.0,Finished,6,7,0,8.0,8.333333333333334,6.0
2022,12,French Grand Prix,Circuit Paul Ricard,TSU,Yuki Tsunoda,AlphaTauri,8,20,0.0,Undertray,20,8,0,16.0,15.0,7.0
2022,12,French Grand Prix,Circuit Paul Ricard,RIC,Daniel Ricciardo,McLaren,9,9,2.0,Finished,9,9,0,11.0,10.166666666666666,8.0
2022,12,French Grand Prix,Circuit Paul Ricard,OCO,Esteban Ocon,Alpine F1 Team,10,8,4.0,Finished,8,10,0,8.666666666666666,8.333333333333334,9.0
2022,12,French Grand Prix,Circuit Paul Ricard,BOT,Valtteri Bottas,Alfa Romeo,11,14,0.0,Finished,14,11,0,11.666666666666666,12.666666666666666,10.0
2022,12,French Grand Prix,Circuit Paul Ricard,VET,Sebastian Vettel,Aston Martin,12,11,0.0,Finished,11,12,0,12.666666666666666,11.833333333333334,11.0
2022,12,French Grand Prix,Circuit Paul Ricard,ALB,Alexander Albon,Williams,13,13,0.0,Finished,13,13,0,15.0,14.666666666666666,12.0
2022,12,French Grand Prix,Circuit Paul Ricard,GAS,Pierre Gasly,AlphaTauri,14,12,0.0,Finished,12,14,0,15.0,15.5,13.0
2022,12,French Grand Prix,Circuit Paul Ricard,STR,Lance Stroll,Aston Martin,15,10,1.0,Finished,10,15,0,11.333333333333334,12.0,14.0
2022,12,French Grand Prix,Circuit Paul Ricard,ZHO,Guanyu Zhou,Alfa Romeo,16,16,0.0,+6 Laps,16,16,0,13.666666666666666,12.666666666666666,15.0
2022,12,French Grand Prix,Circuit Paul Ricard,MSC,Mick Schumacher,Haas F1 Team,17,15,0.0,Finished,15,17,0,11.0,12.666666666666666,16.0
2022,12,French Grand Prix,Circuit Paul Ricard,LAT,Nicholas Latifi,Williams,18,17,0.0,Collision damage,17,18,0,15.666666666666666,15.333333333333334,17.0
2022,12,French Grand Prix,Circuit Paul Ricard,SAI,Carlos Sainz,Ferrari,19,5,11.0,Finished,5,19,0,7.0,5.166666666666667,18.0
2022,12,French Grand Prix,Circuit Paul Ricard,MAG,Kevin Magnussen,Haas F1 Team,20,18,0.0,Collision damage,18,20,0,11.666666666666666,11.333333333333334,19.0
2022,13,Hungarian Grand Prix,Hungaroring,RUS,George Russell,Mercedes,1,3,15.0,Finished,3,1,0,8.333333333333334,5.666666666666667,0.0
2022,13,Hungarian Grand Prix,Hungaroring,SAI,Carlos Sainz,Ferrari,2,4,12.0,Finished,4,2,0,8.0,8.0,1.0
2022,13,Hungarian Grand Prix,Hungaroring,LEC,Charles Leclerc,Ferrari,3,6,8.0,Finished,6,3,0,8.0,8.0,2.0
2022,13,Hungarian Grand Prix,Hungaroring,NOR,Lando Norris,McLaren,4,7,6.0,Finished,7,4,0,6.666666666666667,9.5,3.0
2022,13,Hungarian Grand Prix,Hungaroring,OCO,Esteban Ocon,Alpine F1 Team,5,9,2.0,+1 Lap,9,5,0,9.333333333333334,7.833333333333333,4.0
2022,13,Hungarian Grand Prix,Hungaroring,ALO,Fernando Alonso,Alpine F1 Team,6,8,4.0,+1 Lap,8,6,0,7.0,8.166666666666666,5.0
2022,13,Hungarian Grand Prix,Hungaroring,HAM,Lewis Hamilton,Mercedes,7,2,19.0,Finished,2,7,0,2.6666666666666665,5.5,6.0
2022,13,Hungarian Grand Prix,Hungaroring,BOT,Valtteri Bottas,Alfa Romeo,8,20,0.0,Power Unit,20,8,0,14.0,13.666666666666666,7.0
2022,13,Hungarian Grand Prix,Hungaroring,RIC,Daniel Ricciardo,McLaren,9,15,0.0,+1 Lap,15,9,0,10.333333333333334,8.5,8.0
2022,13,Hungarian Grand Prix,Hungaroring,VER,Max Verstappen,Red Bull,10,1,25.0,Finished,1,10,1,3.3333333333333335,8.666666666666666,9.0
2022,13,Hungarian Grand Prix,Hungaroring,PER,Sergio Pérez,Red Bull,11,5,10.0,Finished,5,11,0,8.666666666666666,6.0,10.0
2022,13,Hungarian Grand Prix,Hungaroring,ZHO,Guanyu Zhou,Alfa Romeo,12,13,0.0,+1 Lap,13,12,0,16.333333333333332,15.166666666666666,11.0
2022,13,Hungarian Grand Prix,Hungaroring,MAG,Kevin Magnussen,Haas F1 Team,13,16,0.0,+1 Lap,16,13,0,12.0,11.0,12.0
2022,13,Hungarian Grand Prix,Hungaroring,STR,Lance Stroll,Aston Martin,14,11,0.0,+1 Lap,11,14,0,11.333333333333334,11.833333333333334,13.0
2022,13,Hungarian Grand Prix,Hungaroring,MSC,Mick Schumacher,Haas F1 Team,15,14,0.0,+1 Lap,14,15,0,9.666666666666666,10.833333333333334,14.0
2022,13,Hungarian Grand Prix,Hungaroring,TSU,Yuki Tsunoda,AlphaTauri,16,19,0.0,+2 Laps,19,16,0,16.666666666666668,16.5,15.0
2022,13,Hungarian Grand Prix,Hungaroring,ALB,Alexander Albon,Williams,17,17,0.0,+1 Lap,17,17,0,15.0,15.333333333333334,16.0
2022,13,Hungarian Grand Prix,Hungaroring,VET,Sebastian Vettel,Aston Martin,18,10,1.0,+1 Lap,10,18,0,12.333333333333334,11.833333333333334,17.0
2022,13,Hungarian Grand Prix,Hungaroring,LAT,Nicholas Latifi,Williams,19,18,0.0,+1 Lap,18,19,0,16.0,15.5,18.0
2022,13,Hungarian Grand Prix,Hungaroring,GAS,Pierre Gasly,AlphaTauri,0,12,0.0,+1 Lap,12,20,0,14.333333333333334,15.5,19.0
2022,14,Belgian Grand Prix,Circuit de Spa-Francorchamps,SAI,Carlos Sainz,Ferrari,1,3,15.0,Finished,3,1,0,9.0,8.5,0.0
2022,14,Belgian Grand Prix,Circuit de Spa-Francorchamps,PER,Sergio Pérez,Red Bull,2,2,18.0,Finished,2,2,0,9.666666666666666,5.0,1.0
2022,14,Belgian Grand Prix,Circuit de Spa-Francorchamps,ALO,Fernando Alonso,Alpine F1 Team,3,5,10.0,Finished,5,3,0,8.0,8.833333333333334,2.0
2022,14,Belgian Grand Prix,Circuit de Spa-Francorchamps,HAM,Lewis Hamilton,Mercedes,4,20,0.0,Collision damage,20,4,0,2.3333333333333335,5.5,3.0
2022,14,Belgian Grand Prix,Circuit de Spa-Francorchamps,RUS,George Russell,Mercedes,5,4,12.0,Finished,4,5,0,3.3333333333333335,2.8333333333333335,4.0
2022,14,Belgian Grand Prix,Circuit de Spa-Francorchamps,ALB,Alexander Albon,Williams,6,10,1.0,Finished,10,6,0,14.0,16.333333333333332,5.0
2022,14,Belgian Grand Prix,Circuit de Spa-Francorchamps,RIC,Daniel Ricciardo,McLaren,7,15,0.0,Finished,15,7,0,11.0,8.666666666666666,6.0
2022,14,Belgian Grand Prix,Circuit de Spa-Francorchamps,STR,Lance Stroll,Aston Martin,9,11,0.0,Finished,11,9,0,11.333333333333334,12.166666666666666,8.0
2022,14,Belgian Grand Prix,Circuit de Spa-Francorchamps,VET,Sebastian Vettel,Aston Martin,10,8,4.0,Finished,8,10,0,12.666666666666666,12.0,9.0
2022,14,Belgian Grand Prix,Circuit de Spa-Francorchamps,LAT,Nicholas Latifi,Williams,11,18,0.0,+1 Lap,18,11,0,18.0,16.0,10.0
2022,14,Belgian Grand Prix,Circuit de Spa-Francorchamps,MAG,Kevin Magnussen,Haas F1 Team,12,16,0.0,+1 Lap,16,12,0,14.0,11.833333333333334,11.0
2022,14,Belgian Grand Prix,Circuit de Spa-Francorchamps,BOT,Valtteri Bottas,Alfa Romeo,13,19,0.0,Accident,19,13,0,15.0,15.333333333333334,12.0
2022,14,Belgian Grand Prix,Circuit de Spa-Francorchamps,VER,Max Verstappen,Red Bull,14,1,26.0,Finished,1,14,1,1.3333333333333333,5.5,13.0
2022,14,Belgian Grand Prix,Circuit de Spa-Francorchamps,LEC,Charles Leclerc,Ferrari,15,6,8.0,Finished,6,15,0,8.666666666666666,8.833333333333334,14.0
2022,14,Belgian Grand Prix,Circuit de Spa-Francorchamps,OCO,Esteban Ocon,Alpine F1 Team,16,7,6.0,Finished,7,16,0,7.333333333333333,7.666666666666667,15.0
2022,14,Belgian Grand Prix,Circuit de Spa-Francorchamps,NOR,Lando Norris,McLaren,17,12,0.0,Finished,12,17,0,7.0,9.0,16.0
2022,14,Belgian Grand Prix,Circuit de Spa-Francorchamps,ZHO,Guanyu Zhou,Alfa Romeo,18,14,0.0,Finished,14,18,0,14.333333333333334,14.666666666666666,17.0
2022,14,Belgian Grand Prix,Circuit de Spa-Francorchamps,MSC,Mick Schumacher,Haas F1 Team,19,17,0.0,+1 Lap,17,19,0,11.666666666666666,12.833333333333334,18.0
2022,14,Belgian Grand Prix,Circuit de Spa-Francorchamps,GAS,Pierre Gasly,AlphaTauri,0,9,2.0,Finished,9,20,0,13.0,16.0,19.0
2022,14,Belgian Grand Prix,Circuit de Spa-Francorchamps,TSU,Yuki Tsunoda,AlphaTauri,0,13,0.0,Finished,13,20,0,18.333333333333332,15.666666666666666,19.0
2022,15,Dutch Grand Prix,Circuit Park Zandvoort,VER,Max Verstappen,Red Bull,1,1,26.0,Finished,1,1,1,1.0,5.5,0.0
2022,15,Dutch Grand Prix,Circuit Park Zandvoort,LEC,Charles Leclerc,Ferrari,2,3,15.0,Finished,3,2,0,10.333333333333334,9.166666666666666,1.0
2022,15,Dutch Grand Prix,Circuit Park Zandvoort,SAI,Carlos Sainz,Ferrari,3,8,4.0,Finished,8,3,0,4.0,7.166666666666667,2.0
2022,15,Dutch Grand Prix,Circuit Park Zandvoort,HAM,Lewis Hamilton,Mercedes,4,4,12.0,Finished,4,4,0,8.0,5.5,3.0
2022,15,Dutch Grand Prix,Circuit Park Zandvoort,PER,Sergio Pérez,Red Bull,5,5,10.0,Finished,5,5,0,3.6666666666666665,2.3333333333333335,4.0
2022,15,Dutch Grand Prix,Circuit Park Zandvoort,RUS,George Russell,Mercedes,6,2,18.0,Finished,2,6,0,3.3333333333333335,5.666666666666667,5.0
2022,15,Dutch Grand Prix,Circuit Park Zandvoort,NOR,Lando Norris,McLaren,7,7,6.0,Finished,7,7,0,8.666666666666666,10.333333333333334,6.0
2022,15,Dutch Grand Prix,Circuit Park Zandvoort,MSC,Mick Schumacher,Haas F1 Team,8,13,0.0,Finished,13,8,0,15.333333333333334,14.166666666666666,7.0
2022,15,Dutch Grand Prix,Circuit Park Zandvoort,TSU,Yuki Tsunoda,AlphaTauri,9,20,0.0,Differential,20,9,0,17.333333333333332,14.666666666666666,8.0
2022,15,Dutch Grand Prix,Circuit Park Zandvoort,STR,Lance Stroll,Aston Martin,10,10,1.0,Finished,10,10,0,10.666666666666666,11.666666666666666,9.0
2022,15,Dutch Grand Prix,Circuit Park Zandvoort,GAS,Pierre Gasly,AlphaTauri,11,11,0.0,Finished,11,11,0,11.0,14.166666666666666,10.0
2022,15,Dutch Grand Prix,Circuit Park Zandvoort,OCO,Esteban Ocon,Alpine F1 Team,12,9,2.0,Finished,9,12,0,8.0,7.666666666666667,11.0
2022,15,Dutch Grand Prix,Circuit Park Zandvoort,ALO,Fernando Alonso,Alpine F1 Team,13,6,8.0,Finished,6,13,0,6.333333333333333,7.166666666666667,12.0
2022,15,Dutch Grand Prix,Circuit Park Zandvoort,ZHO,Guanyu Zhou,Alfa Romeo,14,16,0.0,Finished,16,14,0,14.333333333333334,15.5,13.0
2022,15,Dutch Grand Prix,Circuit Park Zandvoort,ALB,Alexander Albon,Williams,15,12,0.0,Finished,12,15,0,13.333333333333334,15.666666666666666,14.0
2022,15,Dutch Grand Prix,Circuit Park Zandvoort,BOT,Valtteri Bottas,Alfa Romeo,16,19,0.0,Engine,19,16,0,17.666666666666668,16.0,15.0
2022,15,Dutch Grand Prix,Circuit Park Zandvoort,RIC,Daniel Ricciardo,McLaren,17,17,0.0,Finished,17,17,0,13.0,10.833333333333334,16.0
2022,15,Dutch Grand Prix,Circuit Park Zandvoort,MAG,Kevin Magnussen,Haas F1 Team,18,15,0.0,Finished,15,18,0,16.666666666666668,16.0,17.0
2022,15,Dutch Grand Prix,Circuit Park Zandvoort,VET,Sebastian Vettel,Aston Martin,19,14,0.0,Finished,14,19,0,9.666666666666666,10.166666666666666,18.0
2022,15,Dutch Grand Prix,Circuit Park Zandvoort,LAT,Nicholas Latifi,Williams,20,18,0.0,+1 Lap,18,20,0,17.666666666666668,15.5,19.0
2022,16,Italian Grand Prix,Autodromo Nazionale di Monza,LEC,Charles Leclerc,Ferrari,1,2,18.0,Finished,2,1,0,5.0,4.5,0.0
2022,16,Italian Grand Prix,Autodromo Nazionale di Monza,RUS,George Russell,Mercedes,2,3,15.0,Finished,3,2,0,3.0,6.0,1.0
2022,16,Italian Grand Prix,Autodromo Nazionale di Monza,NOR,Lando Norris,McLaren,3,7,6.0,Finished,7,3,0,8.666666666666666,10.833333333333334,2.0
2022,16,Italian Grand Prix,Autodromo Nazionale di Monza,RIC,Daniel Ricciardo,McLaren,4,17,0.0,Oil leak,17,4,0,15.666666666666666,12.166666666666666,3.0
2022,16,Italian Grand Prix,Autodromo Nazionale di Monza,GAS,Pierre Gasly,AlphaTauri,5,8,4.0,Finished,8,5,0,10.666666666666666,14.166666666666666,4.0
2022,16,Italian Grand Prix,Autodromo Nazionale di Monza,ALO,Fernando Alonso,Alpine F1 Team,6,19,0.0,Water pressure,19,6,0,6.333333333333333,7.666666666666667,5.0
2022,16,Italian Grand Prix,Autodromo Nazionale di Monza,VER,Max Verstappen,Red Bull,7,1,25.0,Finished,1,7,1,1.0,2.3333333333333335,6.0
2022,16,Italian Grand Prix,Autodromo Nazionale di Monza,DEV,Nyck de Vries,Williams,8,9,2.0,Finished,9,8,0,12.0,15.333333333333334,7.0
2022,16,Italian Grand Prix,Autodromo Nazionale di Monza,ZHO,Guanyu Zhou,Alfa Romeo,9,10,1.0,Finished,10,9,0,14.333333333333334,16.333333333333332,8.0
2022,16,Italian Grand Prix,Autodromo Nazionale di Monza,LAT,Nicholas Latifi,Williams,10,15,0.0,+1 Lap,15,10,0,18.0,15.5,9.0
2022,16,Italian Grand Prix,Autodromo Nazionale di Monza,VET,Sebastian Vettel,Aston Martin,11,20,0.0,Engine,20,11,0,10.666666666666666,10.0,10.0
2022,16,Italian Grand Prix,Autodromo Nazionale di Monza,STR,Lance Stroll,Aston Martin,12,18,0.0,Engine,18,12,0,10.666666666666666,10.666666666666666,11.0
2022,16,Italian Grand Prix,Autodromo Nazionale di Monza,PER,Sergio Pérez,Red Bull,13,6,9.0,Finished,6,13,0,4.0,2.5,12.0
2022,16,Italian Grand Prix,Autodromo Nazionale di Monza,OCO,Esteban Ocon,Alpine F1 Team,14,11,0.0,Finished,11,14,0,8.333333333333334,7.333333333333333,13.0
2022,16,Italian Grand Prix,Autodromo Nazionale di Monza,BOT,Valtteri Bottas,Alfa Romeo,15,13,0.0,+1 Lap,13,15,0,19.333333333333332,16.833333333333332,14.0
2022,16,Italian Grand Prix,Autodromo Nazionale di Monza,MAG,Kevin Magnussen,Haas F1 Team,16,16,0.0,+1 Lap,16,16,0,15.666666666666666,15.666666666666666,15.0
2022,16,Italian Grand Prix,Autodromo Nazionale di Monza,MSC,Mick Schumacher,Haas F1 Team,17,12,0.0,Finished,12,17,0,14.666666666666666,15.166666666666666,16.0
2022,16,Italian Grand Prix,Autodromo Nazionale di Monza,SAI,Carlos Sainz,Ferrari,18,4,12.0,Finished,4,18,0,5.0,5.0,17.0
2022,16,Italian Grand Prix,Autodromo Nazionale di Monza,HAM,Lewis Hamilton,Mercedes,19,5,10.0,Finished,5,19,0,8.666666666666666,5.833333333333333,18.0
2022,16,Italian Grand Prix,Autodromo Nazionale di Monza,TSU,Yuki Tsunoda,AlphaTauri,20,14,0.0,+1 Lap,14,20,0,17.333333333333332,14.0,19.0
2022,17,Singapore Grand Prix,Marina Bay Street Circuit,LEC,Charles Leclerc,Ferrari,1,2,18.0,Finished,2,1,0,3.6666666666666665,4.666666666666667,0.0
2022,17,Singapore Grand Prix,Marina Bay Street Circuit,PER,Sergio Pérez,Red Bull,2,1,25.0,Finished,1,2,1,4.333333333333333,2.5,1.0
2022,17,Singapore Grand Prix,Marina Bay Street Circuit,HAM,Lewis Hamilton,Mercedes,3,9,2.0,Finished,9,3,0,9.666666666666666,5.833333333333333,2.0
2022,17,Singapore Grand Prix,Marina Bay Street Circuit,SAI,Carlos Sainz,Ferrari,4,3,15.0,Finished,3,4,0,5.0,4.333333333333333,3.0
2022,17,Singapore Grand Prix,Marina Bay Street Circuit,ALO,Fernando Alonso,Alpine F1 Team,5,18,0.0,Engine,18,5,0,10.0,9.0,4.0
2022,17,Singapore Grand Prix,Marina Bay Street Circuit,NOR,Lando Norris,McLaren,6,4,12.0,Finished,4,6,0,8.666666666666666,12.166666666666666,5.0
2022,17,Singapore Grand Prix,Marina Bay Street Circuit,GAS,Pierre Gasly,AlphaTauri,7,10,1.0,Finished,10,7,0,9.333333333333334,12.166666666666666,6.0
2022,17,Singapore Grand Prix,Marina Bay Street Circuit,VER,Max Verstappen,Red Bull,8,7,6.0,Finished,7,8,0,1.0,2.6666666666666665,7.0
2022,17,Singapore Grand Prix,Marina Bay Street Circuit,MAG,Kevin Magnussen,Haas F1 Team,9,12,0.0,Finished,12,9,0,15.666666666666666,15.166666666666666,8.0
2022,17,Singapore Grand Prix,Marina Bay Street Circuit,TSU,Yuki Tsunoda,AlphaTauri,10,15,0.0,Accident,15,10,0,15.666666666666666,12.5,9.0
2022,17,Singapore Grand Prix,Marina Bay Street Circuit,STR,Lance Stroll,Aston Martin,11,6,8.0,Finished,6,11,0,13.0,12.166666666666666,10.0
2022,17,Singapore Grand Prix,Marina Bay Street Circuit,MSC,Mick Schumacher,Haas F1 Team,12,13,0.0,+1 Lap,13,12,0,14.0,14.833333333333334,11.0
2022,17,Singapore Grand Prix,Marina Bay Street Circuit,VET,Sebastian Vettel,Aston Martin,13,8,4.0,Finished,8,13,0,14.0,13.5,12.0
2022,17,Singapore Grand Prix,Marina Bay Street Circuit,ZHO,Guanyu Zhou,Alfa Romeo,14,20,0.0,Collision,20,14,0,13.333333333333334,15.166666666666666,13.0
2022,17,Singapore Grand Prix,Marina Bay Street Circuit,BOT,Valtteri Bottas,Alfa Romeo,15,11,0.0,Finished,11,15,0,17.0,15.166666666666666,14.0
2022,17,Singapore Grand Prix,Marina Bay Street Circuit,RIC,Daniel Ricciardo,McLaren,16,5,10.0,Finished,5,16,0,16.333333333333332,12.5,15.0
2022,17,Singapore Grand Prix,Marina Bay Street Circuit,OCO,Esteban Ocon,Alpine F1 Team,17,16,0.0,Engine,16,17,0,9.0,9.5,16.0
2022,17,Singapore Grand Prix,Marina Bay Street Circuit,ALB,Alexander Albon,Williams,18,17,0.0,Collision damage,17,18,0,13.0,14.166666666666666,17.0
2022,17,Singapore Grand Prix,Marina Bay Street Circuit,LAT,Nicholas Latifi,Williams,19,19,0.0,Collision damage,19,19,0,17.0,13.666666666666666,18.0
2022,17,Singapore Grand Prix,Marina Bay Street Circuit,RUS,George Russell,Mercedes,0,14,0.0,+2 Laps,14,20,0,3.0,6.333333333333333,19.0
2022,18,Japanese Grand Prix,Suzuka Circuit,VER,Max Verstappen,Red Bull,1,1,25.0,Finished,1,1,1,3.0,2.5,0.0
2022,18,Japanese Grand Prix,Suzuka Circuit,LEC,Charles Leclerc,Ferrari,2,3,15.0,Finished,3,2,0,2.3333333333333335,4.166666666666667,1.0
2022,18,Japanese Grand Prix,Suzuka Circuit,SAI,Carlos Sainz,Ferrari,3,19,0.0,Accident,19,3,0,5.0,3.6666666666666665,2.0
2022,18,Japanese Grand Prix,Suzuka Circuit,PER,Sergio Pérez,Red Bull,4,2,18.0,Finished,2,4,0,4.0,3.5,3.0
2022,18,Japanese Grand Prix,Suzuka Circuit,OCO,Esteban Ocon,Alpine F1 Team,5,4,12.0,Finished,4,5,0,12.0,11.666666666666666,4.0
2022,18,Japanese Grand Prix,Suzuka Circuit,HAM,Lewis Hamilton,Mercedes,6,5,10.0,Finished,5,6,0,6.0,4.5,5.0
2022,18,Japanese Grand Prix,Suzuka Circuit,ALO,Fernando Alonso,Alpine F1 Team,7,7,6.0,Finished,7,7,0,14.333333333333334,13.166666666666666,6.0
2022,18,Japanese Grand Prix,Suzuka Circuit,RUS,George Russell,Mercedes,8,8,4.0,Finished,8,8,0,6.333333333333333,6.166666666666667,7.0
2022,18,Japanese Grand Prix,Suzuka Circuit,VET,Sebastian Vettel,Aston Martin,9,6,8.0,Finished,6,9,0,14.0,12.666666666666666,8.0
2022,18,Japanese Grand Prix,Suzuka Circuit,NOR,Lando Norris,McLaren,10,10,1.0,Finished,10,10,0,6.0,10.666666666666666,9.0
2022,18,Japanese Grand Prix,Suzuka Circuit,RIC,Daniel Ricciardo,McLaren,11,11,0.0,Finished,11,11,0,13.0,9.5,10.0
2022,18,Japanese Grand Prix,Suzuka Circuit,BOT,Valtteri Bottas,Alfa Romeo,12,15,0.0,Finished,15,12,0,14.333333333333334,15.333333333333334,11.0
2022,18,Japanese Grand Prix,Suzuka Circuit,TSU,Yuki Tsunoda,AlphaTauri,13,13,0.0,Finished,13,13,0,16.333333333333332,12.666666666666666,12.0
2022,18,Japanese Grand Prix,Suzuka Circuit,ZHO,Guanyu Zhou,Alfa Romeo,14,16,0.0,Finished,16,14,0,15.333333333333334,14.833333333333334,13.0
2022,18,Japanese Grand Prix,Suzuka Circuit,MSC,Mick Schumacher,Haas F1 Team,15,17,0.0,Finished,17,15,0,12.666666666666666,14.166666666666666,14.0
2022,18,Japanese Grand Prix,Suzuka Circuit,ALB,Alexander Albon,Williams,16,20,0.0,Hydraulics,20,16,0,13.0,14.833333333333334,15.0
2022,18,Japanese Grand Prix,Suzuka Circuit,GAS,Pierre Gasly,AlphaTauri,17,18,0.0,Finished,18,17,0,9.666666666666666,13.0,16.0
2022,18,Japanese Grand Prix,Suzuka Circuit,MAG,Kevin Magnussen,Haas F1 Team,18,14,0.0,Finished,14,18,0,14.333333333333334,13.5,17.0
2022,18,Japanese Grand Prix,Suzuka Circuit,STR,Lance Stroll,Aston Martin,19,12,0.0,Finished,12,19,0,11.333333333333334,12.666666666666666,18.0
2022,18,Japanese Grand Prix,Suzuka Circuit,LAT,Nicholas Latifi,Williams,20,9,2.0,Finished,9,20,0,17.333333333333332,15.0,19.0
2022,19,United States Grand Prix,Circuit of the Americas,SAI,Carlos Sainz,Ferrari,1,20,0.0,Collision damage,20,1,0,8.666666666666666,3.6666666666666665,0.0
2022,19,United States Grand Prix,Circuit of the Americas,VER,Max Verstappen,Red Bull,2,1,25.0,Finished,1,2,1,3.0,3.5,1.0
2022,19,United States Grand Prix,Circuit of the Americas,HAM,Lewis Hamilton,Mercedes,3,2,18.0,Finished,2,3,0,6.333333333333333,6.333333333333333,2.0
2022,19,United States Grand Prix,Circuit of the Americas,RUS,George Russell,Mercedes,4,5,11.0,Finished,5,4,0,8.333333333333334,7.333333333333333,3.0
2022,19,United States Grand Prix,Circuit of the Americas,STR,Lance Stroll,Aston Martin,5,18,0.0,Collision,18,5,0,12.0,12.0,4.0
2022,19,United States Grand Prix,Circuit of the Americas,NOR,Lando Norris,McLaren,6,6,8.0,Finished,6,6,0,7.0,10.0,5.0
2022,19,United States Grand Prix,Circuit of the Americas,BOT,Valtteri Bottas,Alfa Romeo,7,19,0.0,Spun off,19,7,0,13.0,14.666666666666666,6.0
2022,19,United States Grand Prix,Circuit of the Americas,ALB,Alexander Albon,Williams,8,13,0.0,Finished,13,8,0,16.333333333333332,16.333333333333332,7.0
2022,19,United States Grand Prix,Circuit of the Americas,PER,Sergio Pérez,Red Bull,9,4,12.0,Finished,4,9,0,3.0,3.0,8.0
2022,19,United States Grand Prix,Circuit of the Americas,VET,Sebastian Vettel,Aston Martin,10,8,4.0,Finished,8,10,0,11.333333333333334,11.666666666666666,9.0
2022,19,United States Grand Prix,Circuit of the Americas,GAS,Pierre Gasly,AlphaTauri,11,14,0.0,Finished,14,11,0,12.0,11.833333333333334,10.0
2022,19,United States Grand Prix,Circuit of the Americas,LEC,Charles Leclerc,Ferrari,12,3,15.0,Finished,3,12,0,2.3333333333333335,5.5,11.0
2022,19,United States Grand Prix,Circuit of the Americas,MAG,Kevin Magnussen,Haas F1 Team,13,9,2.0,Finished,9,13,0,14.0,14.166666666666666,12.0
2022,19,United States Grand Prix,Circuit of the Americas,ALO,Fernando Alonso,Alpine F1 Team,14,7,6.0,Finished,7,14,0,14.666666666666666,12.333333333333334,13.0
2022,19,United States Grand Prix,Circuit of the Americas,RIC,Daniel Ricciardo,McLaren,15,16,0.0,Finished,16,15,0,11.0,9.0,14.0
2022,19,United States Grand Prix,Circuit of the Americas,MSC,Mick Schumacher,Haas F1 Team,16,15,0.0,Finished,15,16,0,14.0,14.0,15.0
2022,19,United States Grand Prix,Circuit of the Americas,LAT,Nicholas Latifi,Williams,17,17,0.0,Finished,17,17,0,14.333333333333334,14.833333333333334,16.0
2022,19,United States Grand Prix,Circuit of the Americas,ZHO,Guanyu Zhou,Alfa Romeo,18,12,0.0,Finished,12,18,0,15.333333333333334,14.166666666666666,17.0
2022,19,United States Grand Prix,Circuit of the Americas,TSU,Yuki Tsunoda,AlphaTauri,19,10,1.0,Finished,10,19,0,14.0,13.0,18.0
2022,19,United States Grand Prix,Circuit of the Americas,OCO,Esteban Ocon,Alpine F1 Team,0,11,0.0,Finished,11,20,0,10.333333333333334,12.5,19.0
2022,20,Mexico City Grand Prix,Autódromo Hermanos Rodríguez,VER,Max Verstappen,Red Bull,1,1,25.0,Finished,1,1,1,3.0,3.0,0.0
2022,20,Mexico City Grand Prix,Autódromo Hermanos Rodríguez,RUS,George Russell,Mercedes,2,4,13.0,Finished,4,2,0,9.0,7.166666666666667,1.0
2022,20,Mexico City Grand Prix,Autódromo Hermanos Rodríguez,HAM,Lewis Hamilton,Mercedes,3,2,18.0,Finished,2,3,0,5.333333333333333,7.166666666666667,2.0
2022,20,Mexico City Grand Prix,Autódromo Hermanos Rodríguez,PER,Sergio Pérez,Red Bull,4,3,15.0,Finished,3,4,0,2.3333333333333335,2.6666666666666665,3.0
2022,20,Mexico City Grand Prix,Autódromo Hermanos Rodríguez,SAI,Carlos Sainz,Ferrari,5,5,10.0,Finished,5,5,0,14.0,8.5,4.0
2022,20,Mexico City Grand Prix,Autódromo Hermanos Rodríguez,BOT,Valtteri Bottas,Alfa Romeo,6,10,1.0,+1 Lap,10,6,0,15.0,15.666666666666666,5.0
2022,20,Mexico City Grand Prix,Autódromo Hermanos Rodríguez,LEC,Charles Leclerc,Ferrari,7,6,8.0,Finished,6,7,0,2.6666666666666665,8.333333333333334,6.0
2022,20,Mexico City Grand Prix,Autódromo Hermanos Rodríguez,NOR,Lando Norris,McLaren,8,9,2.0,+1 Lap,9,8,0,6.666666666666667,8.833333333333334,7.0
2022,20,Mexico City Grand Prix,Autódromo Hermanos Rodríguez,ALO,Fernando Alonso,Alpine F1 Team,9,19,0.0,Engine,19,9,0,10.666666666666666,10.5,8.0
2022,20,Mexico City Grand Prix,Autódromo Hermanos Rodríguez,OCO,Esteban Ocon,Alpine F1 Team,10,8,4.0,+1 Lap,8,10,0,10.333333333333334,10.5,9.0
2022,20,Mexico City Grand Prix,Autódromo Hermanos Rodríguez,RIC,Daniel Ricciardo,McLaren,11,7,6.0,+1 Lap,7,11,0,10.666666666666666,8.666666666666666,10.0
2022,20,Mexico City Grand Prix,Autódromo Hermanos Rodríguez,ZHO,Guanyu Zhou,Alfa Romeo,12,13,0.0,+1 Lap,13,12,0,16.0,15.5,11.0
2022,20,Mexico City Grand Prix,Autódromo Hermanos Rodríguez,TSU,Yuki Tsunoda,AlphaTauri,13,20,0.0,Collision damage,20,13,0,12.666666666666666,14.0,12.0
2022,20,Mexico City Grand Prix,Autódromo Hermanos Rodríguez,GAS,Pierre Gasly,AlphaTauri,14,11,0.0,+1 Lap,11,14,0,14.0,13.333333333333334,13.0
2022,20,Mexico City Grand Prix,Autódromo Hermanos Rodríguez,MSC,Mick Schumacher,Haas F1 Team,15,16,0.0,+1 Lap,16,15,0,15.0,12.833333333333334,14.0
2022,20,Mexico City Grand Prix,Autódromo Hermanos Rodríguez,VET,Sebastian Vettel,Aston Martin,16,14,0.0,+1 Lap,14,16,0,7.333333333333333,11.333333333333334,15.0
2022,20,Mexico City Grand Prix,Autódromo Hermanos Rodríguez,ALB,Alexander Albon,Williams,17,12,0.0,+1 Lap,12,17,0,16.666666666666668,15.5,16.0
2022,20,Mexico City Grand Prix,Autódromo Hermanos Rodríguez,LAT,Nicholas Latifi,Williams,18,18,0.0,+2 Laps,18,18,0,15.0,15.833333333333334,17.0
2022,20,Mexico City Grand Prix,Autódromo Hermanos Rodríguez,MAG,Kevin Magnussen,Haas F1 Team,19,17,0.0,+1 Lap,17,19,0,11.666666666666666,13.333333333333334,18.0
2022,20,Mexico City Grand Prix,Autódromo Hermanos Rodríguez,STR,Lance Stroll,Aston Martin,20,15,0.0,+1 Lap,15,20,0,12.0,9.666666666666666,19.0
2022,21,São Paulo Grand Prix,Autódromo José Carlos Pace,RUS,George Russell,Mercedes,1,1,26.0,Finished,1,1,1,5.666666666666667,6.333333333333333,0.0
2022,21,São Paulo Grand Prix,Autódromo José Carlos Pace,HAM,Lewis Hamilton,Mercedes,2,2,18.0,Finished,2,2,0,3.0,4.333333333333333,1.0
2022,21,São Paulo Grand Prix,Autódromo José Carlos Pace,VER,Max Verstappen,Red Bull,3,6,8.0,Finished,6,3,0,1.0,2.6666666666666665,2.0
2022,21,São Paulo Grand Prix,Autódromo José Carlos Pace,PER,Sergio Pérez,Red Bull,4,7,6.0,Finished,7,4,0,3.0,2.0,3.0
2022,21,São Paulo Grand Prix,Autódromo José Carlos Pace,LEC,Charles Leclerc,Ferrari,5,4,12.0,Finished,4,5,0,4.0,8.833333333333334,4.0
2022,21,São Paulo Grand Prix,Autódromo José Carlos Pace,NOR,Lando Norris,McLaren,6,18,0.0,Gearbox,18,6,0,8.333333333333334,9.5,5.0
2022,21,São Paulo Grand Prix,Autódromo José Carlos Pace,SAI,Carlos Sainz,Ferrari,7,3,15.0,Finished,3,7,0,14.666666666666666,9.333333333333334,6.0
2022,21,São Paulo Grand Prix,Autódromo José Carlos Pace,MAG,Kevin Magnussen,Haas F1 Team,8,19,0.0,Collision,19,8,0,13.333333333333334,14.0,7.0
2022,21,São Paulo Grand Prix,Autódromo José Carlos Pace,VET,Sebastian Vettel,Aston Martin,9,11,0.0,Finished,11,9,0,9.333333333333334,11.0,8.0
2022,21,São Paulo Grand Prix,Autódromo José Carlos Pace,GAS,Pierre Gasly,AlphaTauri,10,14,0.0,Finished,14,10,0,14.333333333333334,15.0,9.0
2022,21,São Paulo Grand Prix,Autódromo José Carlos Pace,RIC,Daniel Ricciardo,McLaren,11,20,0.0,Collision,20,11,0,11.333333333333334,9.833333333333334,10.0
2022,21,São Paulo Grand Prix,Autódromo José Carlos Pace,MSC,Mick Schumacher,Haas F1 Team,12,13,0.0,Finished,13,12,0,16.0,14.666666666666666,11.0
2022,21,São Paulo Grand Prix,Autódromo José Carlos Pace,ZHO,Guanyu Zhou,Alfa Romeo,13,12,0.0,Finished,12,13,0,13.666666666666666,13.833333333333334,12.0
2022,21,São Paulo Grand Prix,Autódromo José Carlos Pace,BOT,Valtteri Bottas,Alfa Romeo,14,9,2.0,Finished,9,14,0,14.666666666666666,14.166666666666666,13.0
2022,21,São Paulo Grand Prix,Autódromo José Carlos Pace,STR,Lance Stroll,Aston Martin,15,10,1.0,Finished,10,15,0,15.0,12.166666666666666,14.0
2022,21,São Paulo Grand Prix,Autódromo José Carlos Pace,OCO,Esteban Ocon,Alpine F1 Team,16,8,4.0,Finished,8,16,0,7.666666666666667,10.666666666666666,15.0
2022,21,São Paulo Grand Prix,Autódromo José Carlos Pace,ALO,Fernando Alonso,Alpine F1 Team,17,5,10.0,Finished,5,17,0,11.0,9.333333333333334,16.0
2022,21,São Paulo Grand Prix,Autódromo José Carlos Pace,LAT,Nicholas Latifi,Williams,18,16,0.0,Finished,16,18,0,14.666666666666666,15.0,17.0
2022,21,São Paulo Grand Prix,Autódromo José Carlos Pace,ALB,Alexander Albon,Williams,19,15,0.0,Finished,15,19,0,15.0,14.833333333333334,18.0
2022,21,São Paulo Grand Prix,Autódromo José Carlos Pace,TSU,Yuki Tsunoda,AlphaTauri,0,17,0.0,+1 Lap,17,20,0,14.333333333333334,14.333333333333334,19.0
2022,22,Abu Dhabi Grand Prix,Yas Marina Circuit,VER,Max Verstappen,Red Bull,1,1,25.0,Finished,1,1,1,2.6666666666666665,2.8333333333333335,0.0
2022,22,Abu Dhabi Grand Prix,Yas Marina Circuit,PER,Sergio Pérez,Red Bull,2,3,15.0,Finished,3,2,0,4.666666666666667,3.6666666666666665,1.0
2022,22,Abu Dhabi Grand Prix,Yas Marina Circuit,LEC,Charles Leclerc,Ferrari,3,2,18.0,Finished,2,3,0,4.333333333333333,9.5,2.0
2022,22,Abu Dhabi Grand Prix,Yas Marina Circuit,SAI,Carlos Sainz,Ferrari,4,4,12.0,Finished,4,4,0,9.333333333333334,6.833333333333333,3.0
2022,22,Abu Dhabi Grand Prix,Yas Marina Circuit,HAM,Lewis Hamilton,Mercedes,5,18,0.0,Hydraulics,18,5,0,2.0,3.6666666666666665,4.0
2022,22,Abu Dhabi Grand Prix,Yas Marina Circuit,RUS,George Russell,Mercedes,6,5,10.0,Finished,5,6,0,3.3333333333333335,2.6666666666666665,5.0
2022,22,Abu Dhabi Grand Prix,Yas Marina Circuit,NOR,Lando Norris,McLaren,7,6,9.0,Finished,6,7,0,11.0,11.166666666666666,6.0
2022,22,Abu Dhabi Grand Prix,Yas Marina Circuit,OCO,Esteban Ocon,Alpine F1 Team,8,7,6.0,Finished,7,8,0,9.0,10.0,7.0
2022,22,Abu Dhabi Grand Prix,Yas Marina Circuit,VET,Sebastian Vettel,Aston Martin,9,10,1.0,Finished,10,9,0,11.0,13.0,8.0
2022,22,Abu Dhabi Grand Prix,Yas Marina Circuit,ALO,Fernando Alonso,Alpine F1 Team,10,20,0.0,Water leak,20,10,0,10.333333333333334,9.666666666666666,9.0
2022,22,Abu Dhabi Grand Prix,Yas Marina Circuit,TSU,Yuki Tsunoda,AlphaTauri,11,11,0.0,Finished,11,11,0,15.666666666666666,14.5,10.0
2022,22,Abu Dhabi Grand Prix,Yas Marina Circuit,MSC,Mick Schumacher,Haas F1 Team,12,16,0.0,+1 Lap,16,12,0,14.666666666666666,15.0,11.0
2022,22,Abu Dhabi Grand Prix,Yas Marina Circuit,RIC,Daniel Ricciardo,McLaren,13,9,2.0,Finished,9,13,0,14.333333333333334,12.666666666666666,12.0
2022,22,Abu Dhabi Grand Prix,Yas Marina Circuit,STR,Lance Stroll,Aston Martin,14,8,4.0,Finished,8,14,0,14.333333333333334,12.666666666666666,13.0
2022,22,Abu Dhabi Grand Prix,Yas Marina Circuit,ZHO,Guanyu Zhou,Alfa Romeo,15,12,0.0,+1 Lap,12,15,0,12.333333333333334,13.666666666666666,14.0
2022,22,Abu Dhabi Grand Prix,Yas Marina Circuit,MAG,Kevin Magnussen,Haas F1 Team,16,17,0.0,+1 Lap,17,16,0,15.0,14.833333333333334,15.0
2022,22,Abu Dhabi Grand Prix,Yas Marina Circuit,GAS,Pierre Gasly,AlphaTauri,17,14,0.0,+1 Lap,14,17,0,13.0,14.333333333333334,16.0
2022,22,Abu Dhabi Grand Prix,Yas Marina Circuit,BOT,Valtteri Bottas,Alfa Romeo,18,15,0.0,+1 Lap,15,18,0,12.666666666666666,12.5,17.0
2022,22,Abu Dhabi Grand Prix,Yas Marina Circuit,ALB,Alexander Albon,Williams,19,13,0.0,+1 Lap,13,19,0,13.333333333333334,14.166666666666666,18.0
2022,22,Abu Dhabi Grand Prix,Yas Marina Circuit,LAT,Nicholas Latifi,Williams,20,19,0.0,Collision damage,19,20,0,17.0,15.166666666666666,19.0
2023,1,Bahrain Grand Prix,Bahrain International Circuit,VER,Max Verstappen,Red Bull,1,1,25.0,Finished,1,1,1,2.6666666666666665,3.6666666666666665,0.0
2023,1,Bahrain Grand Prix,Bahrain International Circuit,PER,Sergio Pérez,Red Bull,2,2,18.0,Finished,2,2,0,4.333333333333333,3.5,1.0
2023,1,Bahrain Grand Prix,Bahrain International Circuit,LEC,Charles Leclerc,Ferrari,3,19,0.0,Retired,19,3,0,4.0,3.8333333333333335,2.0
2023,1,Bahrain Grand Prix,Bahrain International Circuit,SAI,Carlos Sainz,Ferrari,4,4,12.0,Finished,4,4,0,4.0,4.0,3.0
2023,1,Bahrain Grand Prix,Bahrain International Circuit,ALO,Fernando Alonso,Aston Martin,5,3,15.0,Finished,3,5,0,14.666666666666666,11.333333333333334,4.0
2023,1,Bahrain Grand Prix,Bahrain International Circuit,RUS,George Russell,Mercedes,6,7,6.0,Finished,7,6,0,3.3333333333333335,5.333333333333333,5.0
2023,1,Bahrain Grand Prix,Bahrain International Circuit,HAM,Lewis Hamilton,Mercedes,7,5,10.0,Finished,5,7,0,7.333333333333333,5.333333333333333,6.0
2023,1,Bahrain Grand Prix,Bahrain International Circuit,STR,Lance Stroll,Aston Martin,8,6,8.0,Finished,6,8,0,11.0,11.333333333333334,7.0
2023,1,Bahrain Grand Prix,Bahrain International Circuit,OCO,Esteban Ocon,Alpine F1 Team,9,18,0.0,Retired,18,9,0,7.666666666666667,9.666666666666666,8.0
2023,1,Bahrain Grand Prix,Bahrain International Circuit,HUL,Nico Hülkenberg,Haas F1 Team,10,15,0.0,Lapped,15,10,0,14.5,16.0,9.0
2023,1,Bahrain Grand Prix,Bahrain International Circuit,NOR,Lando Norris,McLaren,11,17,0.0,Lapped,17,11,0,11.0,12.666666666666666,10.0
2023,1,Bahrain Grand Prix,Bahrain International Circuit,BOT,Valtteri Bottas,Alfa Romeo,12,8,4.0,Finished,8,12,0,11.333333333333334,11.333333333333334,11.0
2023,1,Bahrain Grand Prix,Bahrain International Circuit,ZHO,Guanyu Zhou,Alfa Romeo,13,16,0.0,Lapped,16,13,0,12.333333333333334,11.833333333333334,12.0
2023,1,Bahrain Grand Prix,Bahrain International Circuit,TSU,Yuki Tsunoda,AlphaTauri,14,11,0.0,Finished,11,14,0,16.0,13.833333333333334,13.0
2023,1,Bahrain Grand Prix,Bahrain International Circuit,ALB,Alexander Albon,Williams,15,10,1.0,Finished,10,15,0,13.333333333333334,15.166666666666666,14.0
2023,1,Bahrain Grand Prix,Bahrain International Circuit,SAR,Logan Sargeant,Williams,16,12,0.0,Lapped,12,16,0,12.0,15.5,15.0
2023,1,Bahrain Grand Prix,Bahrain International Circuit,MAG,Kevin Magnussen,Haas F1 Team,17,13,0.0,Lapped,13,17,0,17.666666666666668,16.333333333333332,16.0
2023,1,Bahrain Grand Prix,Bahrain International Circuit,PIA,Oscar Piastri,McLaren,18,20,0.0,Retired,20,18,0,12.0,11.5,17.0
2023,1,Bahrain Grand Prix,Bahrain International Circuit,DEV,Nyck de Vries,AlphaTauri,19,14,0.0,Lapped,14,19,0,9.0,14.5,18.0
2023,1,Bahrain Grand Prix,Bahrain International Circuit,GAS,Pierre Gasly,Alpine F1 Team,20,9,2.0,Finished,9,20,0,13.0,11.166666666666666,19.0
2023,2,Saudi Arabian Grand Prix,Jeddah Corniche Circuit,PER,Sergio Pérez,Red Bull,1,1,25.0,Finished,1,1,1,4.0,3.5,0.0
2023,2,Saudi Arabian Grand Prix,Jeddah Corniche Circuit,ALO,Fernando Alonso,Aston Martin,2,3,15.0,Finished,3,2,0,9.333333333333334,9.5,1.0
2023,2,Saudi Arabian Grand Prix,Jeddah Corniche Circuit,RUS,George Russell,Mercedes,3,4,12.0,Finished,4,3,0,4.333333333333333,5.833333333333333,2.0
2023,2,Saudi Arabian Grand Prix,Jeddah Corniche Circuit,SAI,Carlos Sainz,Ferrari,4,6,8.0,Finished,6,4,0,3.6666666666666665,6.333333333333333,3.0
2023,2,Saudi Arabian Grand Prix,Jeddah Corniche Circuit,STR,Lance Stroll,Aston Martin,5,20,0.0,Retired,20,5,0,8.0,8.0,4.0
2023,2,Saudi Arabian Grand Prix,Jeddah Corniche Circuit,OCO,Esteban Ocon,Alpine F1 Team,6,8,4.0,Finished,8,6,0,11.0,11.0,5.0
2023,2,Saudi Arabian Grand Prix,Jeddah Corniche Circuit,HAM,Lewis Hamilton,Mercedes,7,5,10.0,Finished,5,7,0,8.333333333333334,6.333333333333333,6.0
2023,2,Saudi Arabian Grand Prix,Jeddah Corniche Circuit,PIA,Oscar Piastri,McLaren,8,15,0.0,Finished,15,8,0,20.0,12.833333333333334,7.0
2023,2,Saudi Arabian Grand Prix,Jeddah Corniche Circuit,GAS,Pierre Gasly,Alpine F1 Team,9,9,2.0,Finished,9,9,0,12.333333333333334,11.166666666666666,8.0
2023,2,Saudi Arabian Grand Prix,Jeddah Corniche Circuit,HUL,Nico Hülkenberg,Haas F1 Team,10,12,0.0,Finished,12,10,0,14.666666666666666,16.166666666666668,9.0
2023,2,Saudi Arabian Grand Prix,Jeddah Corniche Circuit,ZHO,Guanyu Zhou,Alfa Romeo,11,13,0.0,Finished,13,11,0,13.333333333333334,11.5,10.0
2023,2,Saudi Arabian Grand Prix,Jeddah Corniche Circuit,LEC,Charles Leclerc,Ferrari,12,7,6.0,Finished,7,12,0,8.333333333333334,6.0,11.0
2023,2,Saudi Arabian Grand Prix,Jeddah Corniche Circuit,MAG,Kevin Magnussen,Haas F1 Team,13,10,1.0,Finished,10,13,0,16.333333333333332,15.5,12.0
2023,2,Saudi Arabian Grand Prix,Jeddah Corniche Circuit,BOT,Valtteri Bottas,Alfa Romeo,14,18,0.0,Lapped,18,14,0,10.666666666666666,12.0,13.0
2023,2,Saudi Arabian Grand Prix,Jeddah Corniche Circuit,VER,Max Verstappen,Red Bull,15,2,19.0,Finished,2,15,0,2.6666666666666665,3.3333333333333335,14.0
2023,2,Saudi Arabian Grand Prix,Jeddah Corniche Circuit,TSU,Yuki Tsunoda,AlphaTauri,16,11,0.0,Finished,11,16,0,13.0,13.0,15.0
2023,2,Saudi Arabian Grand Prix,Jeddah Corniche Circuit,ALB,Alexander Albon,Williams,17,19,0.0,Retired,19,17,0,12.666666666666666,15.166666666666666,16.0
2023,2,Saudi Arabian Grand Prix,Jeddah Corniche Circuit,DEV,Nyck de Vries,AlphaTauri,18,14,0.0,Finished,14,18,0,11.5,13.5,17.0
2023,2,Saudi Arabian Grand Prix,Jeddah Corniche Circuit,NOR,Lando Norris,McLaren,19,17,0.0,Finished,17,19,0,13.666666666666666,15.0,18.0
2023,2,Saudi Arabian Grand Prix,Jeddah Corniche Circuit,SAR,Logan Sargeant,Williams,20,16,0.0,Finished,16,20,0,12.0,14.166666666666666,19.0
2023,3,Australian Grand Prix,Albert Park Grand Prix Circuit,VER,Max Verstappen,Red Bull,1,1,25.0,Finished,1,1,1,1.3333333333333333,2.5,0.0
2023,3,Australian Grand Prix,Albert Park Grand Prix Circuit,RUS,George Russell,Mercedes,2,18,0.0,Retired,18,2,0,5.333333333333333,6.833333333333333,1.0
2023,3,Australian Grand Prix,Albert Park Grand Prix Circuit,HAM,Lewis Hamilton,Mercedes,3,2,18.0,Finished,2,3,0,9.333333333333334,7.333333333333333,2.0
2023,3,Australian Grand Prix,Albert Park Grand Prix Circuit,ALO,Fernando Alonso,Aston Martin,4,3,15.0,Finished,3,4,0,8.666666666666666,6.666666666666667,3.0
2023,3,Australian Grand Prix,Albert Park Grand Prix Circuit,SAI,Carlos Sainz,Ferrari,5,12,0.0,Finished,12,5,0,4.666666666666667,6.333333333333333,4.0
2023,3,Australian Grand Prix,Albert Park Grand Prix Circuit,STR,Lance Stroll,Aston Martin,6,4,12.0,Finished,4,6,0,11.333333333333334,8.333333333333334,5.0
2023,3,Australian Grand Prix,Albert Park Grand Prix Circuit,LEC,Charles Leclerc,Ferrari,7,20,0.0,Retired,20,7,0,9.333333333333334,7.0,6.0
2023,3,Australian Grand Prix,Albert Park Grand Prix Circuit,ALB,Alexander Albon,Williams,8,19,0.0,Retired,19,8,0,14.0,14.666666666666666,7.0
2023,3,Australian Grand Prix,Albert Park Grand Prix Circuit,GAS,Pierre Gasly,Alpine F1 Team,9,13,0.0,Retired,13,9,0,10.666666666666666,11.166666666666666,8.0
2023,3,Australian Grand Prix,Albert Park Grand Prix Circuit,HUL,Nico Hülkenberg,Haas F1 Team,10,7,6.0,Finished,7,10,0,13.0,14.333333333333334,9.0
2023,3,Australian Grand Prix,Albert Park Grand Prix Circuit,OCO,Esteban Ocon,Alpine F1 Team,11,14,0.0,Retired,14,11,0,11.0,11.833333333333334,10.0
2023,3,Australian Grand Prix,Albert Park Grand Prix Circuit,TSU,Yuki Tsunoda,AlphaTauri,12,10,1.0,Finished,10,12,0,11.0,13.0,11.0
2023,3,Australian Grand Prix,Albert Park Grand Prix Circuit,NOR,Lando Norris,McLaren,13,6,8.0,Finished,6,13,0,13.333333333333334,14.5,12.0
2023,3,Australian Grand Prix,Albert Park Grand Prix Circuit,MAG,Kevin Magnussen,Haas F1 Team,14,17,0.0,Retired,17,14,0,13.333333333333334,13.833333333333334,13.0
2023,3,Australian Grand Prix,Albert Park Grand Prix Circuit,DEV,Nyck de Vries,AlphaTauri,15,15,0.0,Retired,15,15,0,12.333333333333334,12.5,14.0
2023,3,Australian Grand Prix,Albert Park Grand Prix Circuit,PIA,Oscar Piastri,McLaren,16,8,4.0,Finished,8,16,0,17.5,14.0,15.0
2023,3,Australian Grand Prix,Albert Park Grand Prix Circuit,ZHO,Guanyu Zhou,Alfa Romeo,17,9,2.0,Finished,9,17,0,13.666666666666666,12.166666666666666,16.0
2023,3,Australian Grand Prix,Albert Park Grand Prix Circuit,SAR,Logan Sargeant,Williams,18,16,0.0,Retired,16,18,0,14.0,14.833333333333334,17.0
2023,3,Australian Grand Prix,Albert Park Grand Prix Circuit,BOT,Valtteri Bottas,Alfa Romeo,19,11,0.0,Finished,11,19,0,13.666666666666666,13.666666666666666,18.0
2023,3,Australian Grand Prix,Albert Park Grand Prix Circuit,PER,Sergio Pérez,Red Bull,20,5,11.0,Finished,5,20,0,2.0,1.6666666666666667,19.0
2023,4,Azerbaijan Grand Prix,Baku City Circuit,LEC,Charles Leclerc,Ferrari,1,3,15.0,Finished,3,1,0,15.333333333333334,8.666666666666666,0.0
2023,4,Azerbaijan Grand Prix,Baku City Circuit,VER,Max Verstappen,Red Bull,2,2,18.0,Finished,2,2,0,1.3333333333333333,1.6666666666666667,1.0
2023,4,Azerbaijan Grand Prix,Baku City Circuit,PER,Sergio Pérez,Red Bull,3,1,25.0,Finished,1,3,1,2.6666666666666665,2.0,2.0
2023,4,Azerbaijan Grand Prix,Baku City Circuit,SAI,Carlos Sainz,Ferrari,4,5,10.0,Finished,5,4,0,7.333333333333333,11.333333333333334,3.0
2023,4,Azerbaijan Grand Prix,Baku City Circuit,HAM,Lewis Hamilton,Mercedes,5,6,8.0,Finished,6,5,0,4.0,7.333333333333333,4.0
2023,4,Azerbaijan Grand Prix,Baku City Circuit,ALO,Fernando Alonso,Aston Martin,6,4,12.0,Finished,4,6,0,3.0,7.166666666666667,5.0
2023,4,Azerbaijan Grand Prix,Baku City Circuit,NOR,Lando Norris,McLaren,7,9,2.0,Finished,9,7,0,13.333333333333334,14.0,6.0
2023,4,Azerbaijan Grand Prix,Baku City Circuit,TSU,Yuki Tsunoda,AlphaTauri,8,10,1.0,Finished,10,8,0,10.666666666666666,12.333333333333334,7.0
2023,4,Azerbaijan Grand Prix,Baku City Circuit,STR,Lance Stroll,Aston Martin,9,7,6.0,Finished,7,9,0,10.0,6.5,8.0
2023,4,Azerbaijan Grand Prix,Baku City Circuit,PIA,Oscar Piastri,McLaren,10,11,0.0,Finished,11,10,0,14.333333333333334,13.833333333333334,9.0
2023,4,Azerbaijan Grand Prix,Baku City Circuit,RUS,George Russell,Mercedes,11,8,5.0,Finished,8,11,0,9.666666666666666,6.833333333333333,10.0
2023,4,Azerbaijan Grand Prix,Baku City Circuit,ALB,Alexander Albon,Williams,12,12,0.0,Finished,12,12,0,16.0,15.833333333333334,11.0
2023,4,Azerbaijan Grand Prix,Baku City Circuit,BOT,Valtteri Bottas,Alfa Romeo,13,18,0.0,Lapped,18,13,0,12.333333333333334,13.166666666666666,12.0
2023,4,Azerbaijan Grand Prix,Baku City Circuit,SAR,Logan Sargeant,Williams,14,16,0.0,Finished,16,14,0,14.666666666666666,15.333333333333334,13.0
2023,4,Azerbaijan Grand Prix,Baku City Circuit,ZHO,Guanyu Zhou,Alfa Romeo,15,19,0.0,Retired,19,15,0,12.666666666666666,12.5,14.0
2023,4,Azerbaijan Grand Prix,Baku City Circuit,MAG,Kevin Magnussen,Haas F1 Team,16,13,0.0,Finished,13,16,0,13.333333333333334,12.333333333333334,15.0
2023,4,Azerbaijan Grand Prix,Baku City Circuit,GAS,Pierre Gasly,Alpine F1 Team,17,14,0.0,Finished,14,17,0,10.333333333333334,12.833333333333334,16.0
2023,4,Azerbaijan Grand Prix,Baku City Circuit,DEV,Nyck de Vries,AlphaTauri,18,20,0.0,Retired,20,18,0,14.333333333333334,12.5,17.0
2023,4,Azerbaijan Grand Prix,Baku City Circuit,OCO,Esteban Ocon,Alpine F1 Team,19,15,0.0,Finished,15,19,0,13.333333333333334,11.833333333333334,18.0
2023,4,Azerbaijan Grand Prix,Baku City Circuit,HUL,Nico Hülkenberg,Haas F1 Team,20,17,0.0,Lapped,17,20,0,11.333333333333334,12.333333333333334,19.0
2023,5,Miami Grand Prix,Miami International Autodrome,PER,Sergio Pérez,Red Bull,1,2,18.0,Finished,2,1,0,2.3333333333333335,2.1666666666666665,0.0
2023,5,Miami Grand Prix,Miami International Autodrome,ALO,Fernando Alonso,Aston Martin,2,3,15.0,Finished,3,2,0,3.3333333333333335,6.666666666666667,1.0
2023,5,Miami Grand Prix,Miami International Autodrome,SAI,Carlos Sainz,Ferrari,3,5,10.0,Finished,5,3,0,7.666666666666667,8.666666666666666,2.0
2023,5,Miami Grand Prix,Miami International Autodrome,MAG,Kevin Magnussen,Haas F1 Team,4,10,1.0,Finished,10,4,0,13.333333333333334,12.0,3.0
2023,5,Miami Grand Prix,Miami International Autodrome,GAS,Pierre Gasly,Alpine F1 Team,5,8,4.0,Finished,8,5,0,12.0,11.166666666666666,4.0
2023,5,Miami Grand Prix,Miami International Autodrome,RUS,George Russell,Mercedes,6,4,12.0,Finished,4,6,0,10.0,6.666666666666667,5.0
2023,5,Miami Grand Prix,Miami International Autodrome,LEC,Charles Leclerc,Ferrari,7,7,6.0,Finished,7,7,0,10.0,8.833333333333334,6.0
2023,5,Miami Grand Prix,Miami International Autodrome,OCO,Esteban Ocon,Alpine F1 Team,8,9,2.0,Finished,9,8,0,12.333333333333334,12.166666666666666,7.0
2023,5,Miami Grand Prix,Miami International Autodrome,VER,Max Verstappen,Red Bull,9,1,26.0,Finished,1,9,1,1.6666666666666667,2.0,8.0
2023,5,Miami Grand Prix,Miami International Autodrome,BOT,Valtteri Bottas,Alfa Romeo,10,13,0.0,Finished,13,10,0,15.666666666666666,14.166666666666666,9.0
2023,5,Miami Grand Prix,Miami International Autodrome,ALB,Alexander Albon,Williams,11,14,0.0,Finished,14,11,0,16.666666666666668,15.666666666666666,10.0
2023,5,Miami Grand Prix,Miami International Autodrome,HUL,Nico Hülkenberg,Haas F1 Team,12,15,0.0,Finished,15,12,0,12.0,12.666666666666666,11.0
2023,5,Miami Grand Prix,Miami International Autodrome,HAM,Lewis Hamilton,Mercedes,13,6,8.0,Finished,6,13,0,4.333333333333333,7.166666666666667,12.0
2023,5,Miami Grand Prix,Miami International Autodrome,ZHO,Guanyu Zhou,Alfa Romeo,14,16,0.0,Finished,16,14,0,13.666666666666666,14.666666666666666,13.0
2023,5,Miami Grand Prix,Miami International Autodrome,DEV,Nyck de Vries,AlphaTauri,15,18,0.0,Finished,18,15,0,16.333333333333332,12.333333333333334,14.0
2023,5,Miami Grand Prix,Miami International Autodrome,NOR,Lando Norris,McLaren,16,17,0.0,Finished,17,16,0,10.666666666666666,12.5,15.0
2023,5,Miami Grand Prix,Miami International Autodrome,TSU,Yuki Tsunoda,AlphaTauri,17,11,0.0,Finished,11,17,0,10.333333333333334,13.333333333333334,16.0
2023,5,Miami Grand Prix,Miami International Autodrome,STR,Lance Stroll,Aston Martin,18,12,0.0,Finished,12,18,0,10.333333333333334,6.833333333333333,17.0
2023,5,Miami Grand Prix,Miami International Autodrome,PIA,Oscar Piastri,McLaren,19,19,0.0,Lapped,19,19,0,11.333333333333334,11.0,18.0
2023,5,Miami Grand Prix,Miami International Autodrome,SAR,Logan Sargeant,Williams,20,20,0.0,Lapped,20,20,0,16.0,16.333333333333332,19.0
2023,6,Monaco Grand Prix,Circuit de Monaco,VER,Max Verstappen,Red Bull,1,1,25.0,Finished,1,1,1,1.3333333333333333,2.1666666666666665,0.0
2023,6,Monaco Grand Prix,Circuit de Monaco,ALO,Fernando Alonso,Aston Martin,2,2,18.0,Finished,2,2,0,3.3333333333333335,6.833333333333333,1.0
2023,6,Monaco Grand Prix,Circuit de Monaco,OCO,Esteban Ocon,Alpine F1 Team,3,3,15.0,Finished,3,3,0,12.666666666666666,12.166666666666666,2.0
2023,6,Monaco Grand Prix,Circuit de Monaco,SAI,Carlos Sainz,Ferrari,4,8,4.0,Finished,8,4,0,7.333333333333333,8.666666666666666,3.0
2023,6,Monaco Grand Prix,Circuit de Monaco,HAM,Lewis Hamilton,Mercedes,5,4,13.0,Finished,4,5,0,4.666666666666667,7.166666666666667,4.0
2023,6,Monaco Grand Prix,Circuit de Monaco,LEC,Charles Leclerc,Ferrari,6,6,8.0,Finished,6,6,0,10.0,8.666666666666666,5.0
2023,6,Monaco Grand Prix,Circuit de Monaco,GAS,Pierre Gasly,Alpine F1 Team,7,7,6.0,Finished,7,7,0,11.666666666666666,12.166666666666666,6.0
2023,6,Monaco Grand Prix,Circuit de Monaco,RUS,George Russell,Mercedes,8,5,10.0,Finished,5,8,0,10.0,7.333333333333333,7.0
2023,6,Monaco Grand Prix,Circuit de Monaco,TSU,Yuki Tsunoda,AlphaTauri,9,15,0.0,Lapped,15,9,0,10.333333333333334,14.5,8.0
2023,6,Monaco Grand Prix,Circuit de Monaco,NOR,Lando Norris,McLaren,10,9,2.0,Lapped,9,10,0,10.666666666666666,11.333333333333334,9.0
2023,6,Monaco Grand Prix,Circuit de Monaco,PIA,Oscar Piastri,McLaren,11,10,1.0,Lapped,10,11,0,12.666666666666666,11.666666666666666,10.0
2023,6,Monaco Grand Prix,Circuit de Monaco,DEV,Nyck de Vries,AlphaTauri,12,12,0.0,Lapped,12,12,0,17.666666666666668,14.0,11.0
2023,6,Monaco Grand Prix,Circuit de Monaco,ALB,Alexander Albon,Williams,13,14,0.0,Lapped,14,13,0,15.0,15.5,12.0
2023,6,Monaco Grand Prix,Circuit de Monaco,STR,Lance Stroll,Aston Martin,14,20,0.0,Retired,20,14,0,7.666666666666667,5.5,13.0
2023,6,Monaco Grand Prix,Circuit de Monaco,BOT,Valtteri Bottas,Alfa Romeo,15,11,0.0,Lapped,11,15,0,14.0,14.666666666666666,14.0
2023,6,Monaco Grand Prix,Circuit de Monaco,SAR,Logan Sargeant,Williams,16,18,0.0,Lapped,18,16,0,17.333333333333332,16.166666666666668,15.0
2023,6,Monaco Grand Prix,Circuit de Monaco,MAG,Kevin Magnussen,Haas F1 Team,17,19,0.0,Retired,19,17,0,13.333333333333334,12.333333333333334,16.0
2023,6,Monaco Grand Prix,Circuit de Monaco,HUL,Nico Hülkenberg,Haas F1 Team,18,17,0.0,Lapped,17,18,0,13.0,13.166666666666666,17.0
2023,6,Monaco Grand Prix,Circuit de Monaco,ZHO,Guanyu Zhou,Alfa Romeo,19,13,0.0,Lapped,13,19,0,14.666666666666666,14.333333333333334,18.0
2023,6,Monaco Grand Prix,Circuit de Monaco,PER,Sergio Pérez,Red Bull,20,16,0.0,Lapped,16,20,0,2.6666666666666665,2.0,19.0
2023,7,Spanish Grand Prix,Circuit de Barcelona-Catalunya,VER,Max Verstappen,Red Bull,1,1,26.0,Finished,1,1,1,1.3333333333333333,2.0,0.0
2023,7,Spanish Grand Prix,Circuit de Barcelona-Catalunya,SAI,Carlos Sainz,Ferrari,2,5,10.0,Finished,5,2,0,6.0,8.0,1.0
2023,7,Spanish Grand Prix,Circuit de Barcelona-Catalunya,NOR,Lando Norris,McLaren,3,17,0.0,Lapped,17,3,0,11.666666666666666,12.166666666666666,2.0
2023,7,Spanish Grand Prix,Circuit de Barcelona-Catalunya,HAM,Lewis Hamilton,Mercedes,4,2,18.0,Finished,2,4,0,5.333333333333333,5.0,3.0
2023,7,Spanish Grand Prix,Circuit de Barcelona-Catalunya,STR,Lance Stroll,Aston Martin,5,6,8.0,Finished,6,5,0,13.0,5.333333333333333,4.0
2023,7,Spanish Grand Prix,Circuit de Barcelona-Catalunya,OCO,Esteban Ocon,Alpine F1 Team,6,8,4.0,Finished,8,6,0,9.0,10.5,5.0
2023,7,Spanish Grand Prix,Circuit de Barcelona-Catalunya,HUL,Nico Hülkenberg,Haas F1 Team,7,15,0.0,Lapped,15,7,0,16.333333333333332,15.166666666666666,6.0
2023,7,Spanish Grand Prix,Circuit de Barcelona-Catalunya,ALO,Fernando Alonso,Aston Martin,8,7,6.0,Finished,7,8,0,3.0,8.0,7.0
2023,7,Spanish Grand Prix,Circuit de Barcelona-Catalunya,PIA,Oscar Piastri,McLaren,9,13,0.0,Lapped,13,9,0,13.333333333333334,12.5,8.0
2023,7,Spanish Grand Prix,Circuit de Barcelona-Catalunya,GAS,Pierre Gasly,Alpine F1 Team,10,10,1.0,Finished,10,10,0,9.666666666666666,9.333333333333334,9.0
2023,7,Spanish Grand Prix,Circuit de Barcelona-Catalunya,PER,Sergio Pérez,Red Bull,11,4,12.0,Finished,4,11,0,6.333333333333333,3.8333333333333335,10.0
2023,7,Spanish Grand Prix,Circuit de Barcelona-Catalunya,RUS,George Russell,Mercedes,12,3,15.0,Finished,3,12,0,5.666666666666667,5.5,11.0
2023,7,Spanish Grand Prix,Circuit de Barcelona-Catalunya,ZHO,Guanyu Zhou,Alfa Romeo,13,9,2.0,Finished,9,13,0,16.0,14.666666666666666,12.0
2023,7,Spanish Grand Prix,Circuit de Barcelona-Catalunya,DEV,Nyck de Vries,AlphaTauri,14,14,0.0,Lapped,14,14,0,16.666666666666668,14.833333333333334,13.0
2023,7,Spanish Grand Prix,Circuit de Barcelona-Catalunya,TSU,Yuki Tsunoda,AlphaTauri,15,12,0.0,Finished,12,15,0,12.0,14.333333333333334,14.0
2023,7,Spanish Grand Prix,Circuit de Barcelona-Catalunya,BOT,Valtteri Bottas,Alfa Romeo,16,19,0.0,Lapped,19,16,0,14.0,15.0,15.0
2023,7,Spanish Grand Prix,Circuit de Barcelona-Catalunya,MAG,Kevin Magnussen,Haas F1 Team,17,18,0.0,Lapped,18,17,0,14.0,15.166666666666666,16.0
2023,7,Spanish Grand Prix,Circuit de Barcelona-Catalunya,ALB,Alexander Albon,Williams,18,16,0.0,Lapped,16,18,0,13.333333333333334,15.333333333333334,17.0
2023,7,Spanish Grand Prix,Circuit de Barcelona-Catalunya,LEC,Charles Leclerc,Ferrari,19,11,0.0,Finished,11,19,0,5.333333333333333,5.666666666666667,18.0
2023,7,Spanish Grand Prix,Circuit de Barcelona-Catalunya,SAR,Logan Sargeant,Williams,20,20,0.0,Lapped,20,20,0,18.0,15.666666666666666,19.0
2023,8,Canadian Grand Prix,Circuit Gilles Villeneuve,VER,Max Verstappen,Red Bull,1,1,25.0,Finished,1,1,1,1.0,3.6666666666666665,0.0
2023,8,Canadian Grand Prix,Circuit Gilles Villeneuve,ALO,Fernando Alonso,Aston Martin,2,2,18.0,Finished,2,2,0,4.0,8.333333333333334,1.0
2023,8,Canadian Grand Prix,Circuit Gilles Villeneuve,HAM,Lewis Hamilton,Mercedes,3,3,15.0,Finished,3,3,0,4.0,4.833333333333333,2.0
2023,8,Canadian Grand Prix,Circuit Gilles Villeneuve,RUS,George Russell,Mercedes,4,19,0.0,Retired,19,4,0,4.0,4.0,3.0
2023,8,Canadian Grand Prix,Circuit Gilles Villeneuve,HUL,Nico Hülkenberg,Haas F1 Team,5,15,0.0,Lapped,15,5,0,15.666666666666666,15.5,4.0
2023,8,Canadian Grand Prix,Circuit Gilles Villeneuve,OCO,Esteban Ocon,Alpine F1 Team,6,8,4.0,Finished,8,6,0,6.666666666666667,8.333333333333334,5.0
2023,8,Canadian Grand Prix,Circuit Gilles Villeneuve,NOR,Lando Norris,McLaren,7,13,0.0,Finished,13,7,0,14.333333333333334,13.833333333333334,6.0
2023,8,Canadian Grand Prix,Circuit Gilles Villeneuve,PIA,Oscar Piastri,McLaren,8,11,0.0,Finished,11,8,0,14.0,14.166666666666666,7.0
2023,8,Canadian Grand Prix,Circuit Gilles Villeneuve,ALB,Alexander Albon,Williams,9,7,6.0,Finished,7,9,0,14.666666666666666,16.333333333333332,8.0
2023,8,Canadian Grand Prix,Circuit Gilles Villeneuve,LEC,Charles Leclerc,Ferrari,10,4,12.0,Finished,4,10,0,8.0,6.0,9.0
2023,8,Canadian Grand Prix,Circuit Gilles Villeneuve,SAI,Carlos Sainz,Ferrari,11,5,10.0,Finished,5,11,0,6.0,7.0,10.0
2023,8,Canadian Grand Prix,Circuit Gilles Villeneuve,PER,Sergio Pérez,Red Bull,12,6,9.0,Finished,6,12,0,7.333333333333333,4.166666666666667,11.0
2023,8,Canadian Grand Prix,Circuit Gilles Villeneuve,MAG,Kevin Magnussen,Haas F1 Team,13,17,0.0,Lapped,17,13,0,15.666666666666666,15.666666666666666,12.0
2023,8,Canadian Grand Prix,Circuit Gilles Villeneuve,BOT,Valtteri Bottas,Alfa Romeo,14,10,1.0,Finished,10,14,0,14.333333333333334,13.5,13.0
2023,8,Canadian Grand Prix,Circuit Gilles Villeneuve,GAS,Pierre Gasly,Alpine F1 Team,15,12,0.0,Finished,12,15,0,8.333333333333334,7.5,14.0
2023,8,Canadian Grand Prix,Circuit Gilles Villeneuve,STR,Lance Stroll,Aston Martin,16,9,2.0,Finished,9,16,0,12.666666666666666,8.333333333333334,15.0
2023,8,Canadian Grand Prix,Circuit Gilles Villeneuve,DEV,Nyck de Vries,AlphaTauri,17,18,0.0,Lapped,18,17,0,14.666666666666666,15.0,16.0
2023,8,Canadian Grand Prix,Circuit Gilles Villeneuve,SAR,Logan Sargeant,Williams,18,20,0.0,Retired,20,18,0,19.333333333333332,17.0,17.0
2023,8,Canadian Grand Prix,Circuit Gilles Villeneuve,TSU,Yuki Tsunoda,AlphaTauri,19,14,0.0,Finished,14,19,0,12.666666666666666,13.666666666666666,18.0
2023,8,Canadian Grand Prix,Circuit Gilles Villeneuve,ZHO,Guanyu Zhou,Alfa Romeo,20,16,0.0,Lapped,16,20,0,12.666666666666666,13.5,19.0
2023,9,Austrian Grand Prix,Red Bull Ring,VER,Max Verstappen,Red Bull,1,1,26.0,Finished,1,1,1,1.0,4.0,0.0
2023,9,Austrian Grand Prix,Red Bull Ring,LEC,Charles Leclerc,Ferrari,2,2,18.0,Finished,2,2,0,7.0,6.833333333333333,1.0
2023,9,Austrian Grand Prix,Red Bull Ring,SAI,Carlos Sainz,Ferrari,3,6,8.0,Finished,6,3,0,6.0,6.5,2.0
2023,9,Austrian Grand Prix,Red Bull Ring,NOR,Lando Norris,McLaren,4,4,12.0,Finished,4,4,0,13.0,13.5,3.0
2023,9,Austrian Grand Prix,Red Bull Ring,HAM,Lewis Hamilton,Mercedes,5,8,4.0,Finished,8,5,0,3.0,3.8333333333333335,4.0
2023,9,Austrian Grand Prix,Red Bull Ring,STR,Lance Stroll,Aston Martin,6,9,2.0,Finished,9,6,0,11.666666666666666,8.166666666666666,5.0
2023,9,Austrian Grand Prix,Red Bull Ring,ALO,Fernando Alonso,Aston Martin,7,5,10.0,Finished,5,7,0,3.6666666666666665,7.666666666666667,6.0
2023,9,Austrian Grand Prix,Red Bull Ring,HUL,Nico Hülkenberg,Haas F1 Team,8,20,0.0,Retired,20,8,0,15.666666666666666,16.5,7.0
2023,9,Austrian Grand Prix,Red Bull Ring,GAS,Pierre Gasly,Alpine F1 Team,9,10,1.0,Finished,10,9,0,9.666666666666666,7.5,8.0
2023,9,Austrian Grand Prix,Red Bull Ring,ALB,Alexander Albon,Williams,10,11,0.0,Finished,11,10,0,12.333333333333334,15.833333333333334,9.0
2023,9,Austrian Grand Prix,Red Bull Ring,RUS,George Russell,Mercedes,11,7,6.0,Finished,7,11,0,9.0,6.0,10.0
2023,9,Austrian Grand Prix,Red Bull Ring,OCO,Esteban Ocon,Alpine F1 Team,12,14,0.0,Lapped,14,12,0,6.333333333333333,8.0,11.0
2023,9,Austrian Grand Prix,Red Bull Ring,PIA,Oscar Piastri,McLaren,13,16,0.0,Lapped,16,13,0,11.333333333333334,12.166666666666666,12.0
2023,9,Austrian Grand Prix,Red Bull Ring,BOT,Valtteri Bottas,Alfa Romeo,14,15,0.0,Lapped,15,14,0,13.333333333333334,13.0,13.0
2023,9,Austrian Grand Prix,Red Bull Ring,PER,Sergio Pérez,Red Bull,15,3,15.0,Finished,3,15,0,8.666666666666666,4.833333333333333,14.0
2023,9,Austrian Grand Prix,Red Bull Ring,TSU,Yuki Tsunoda,AlphaTauri,16,19,0.0,Lapped,19,16,0,13.666666666666666,13.666666666666666,15.0
2023,9,Austrian Grand Prix,Red Bull Ring,ZHO,Guanyu Zhou,Alfa Romeo,17,12,0.0,Lapped,12,17,0,12.666666666666666,13.0,16.0
2023,9,Austrian Grand Prix,Red Bull Ring,SAR,Logan Sargeant,Williams,18,13,0.0,Lapped,13,18,0,19.333333333333332,15.833333333333334,17.0
2023,9,Austrian Grand Prix,Red Bull Ring,MAG,Kevin Magnussen,Haas F1 Team,19,18,0.0,Lapped,18,19,0,18.0,16.833333333333332,18.0
2023,9,Austrian Grand Prix,Red Bull Ring,DEV,Nyck de Vries,AlphaTauri,20,17,0.0,Lapped,17,20,0,14.666666666666666,14.166666666666666,19.0
2023,10,British Grand Prix,Silverstone Circuit,VER,Max Verstappen,Red Bull,1,1,26.0,Finished,1,1,1,1.0,4.833333333333333,0.0
2023,10,British Grand Prix,Silverstone Circuit,NOR,Lando Norris,McLaren,2,2,18.0,Finished,2,2,0,11.333333333333334,11.333333333333334,1.0
2023,10,British Grand Prix,Silverstone Circuit,PIA,Oscar Piastri,McLaren,3,4,12.0,Finished,4,3,0,13.333333333333334,12.333333333333334,2.0
2023,10,British Grand Prix,Silverstone Circuit,LEC,Charles Leclerc,Ferrari,4,9,2.0,Finished,9,4,0,5.666666666666667,5.5,3.0
2023,10,British Grand Prix,Silverstone Circuit,SAI,Carlos Sainz,Ferrari,5,10,1.0,Finished,10,5,0,5.333333333333333,5.5,4.0
2023,10,British Grand Prix,Silverstone Circuit,RUS,George Russell,Mercedes,6,5,10.0,Finished,5,6,0,9.666666666666666,6.666666666666667,5.0
2023,10,British Grand Prix,Silverstone Circuit,HAM,Lewis Hamilton,Mercedes,7,3,15.0,Finished,3,7,0,4.333333333333333,7.0,6.0
2023,10,British Grand Prix,Silverstone Circuit,ALB,Alexander Albon,Williams,8,8,4.0,Finished,8,8,0,11.333333333333334,15.333333333333334,7.0
2023,10,British Grand Prix,Silverstone Circuit,ALO,Fernando Alonso,Aston Martin,9,7,6.0,Finished,7,9,0,4.666666666666667,8.833333333333334,8.0
2023,10,British Grand Prix,Silverstone Circuit,GAS,Pierre Gasly,Alpine F1 Team,10,18,0.0,Retired,18,10,0,10.666666666666666,9.166666666666666,9.0
2023,10,British Grand Prix,Silverstone Circuit,HUL,Nico Hülkenberg,Haas F1 Team,11,13,0.0,Finished,13,11,0,16.666666666666668,17.0,10.0
2023,10,British Grand Prix,Silverstone Circuit,STR,Lance Stroll,Aston Martin,12,14,0.0,Finished,14,12,0,8.0,6.333333333333333,11.0
2023,10,British Grand Prix,Silverstone Circuit,OCO,Esteban Ocon,Alpine F1 Team,13,20,0.0,Retired,20,13,0,10.0,10.333333333333334,12.0
2023,10,British Grand Prix,Silverstone Circuit,SAR,Logan Sargeant,Williams,14,11,0.0,Finished,11,14,0,17.666666666666668,14.5,13.0
2023,10,British Grand Prix,Silverstone Circuit,PER,Sergio Pérez,Red Bull,15,6,8.0,Finished,6,15,0,4.333333333333333,2.6666666666666665,14.0
2023,10,British Grand Prix,Silverstone Circuit,TSU,Yuki Tsunoda,AlphaTauri,16,16,0.0,Finished,16,16,0,15.0,14.833333333333334,15.0
2023,10,British Grand Prix,Silverstone Circuit,ZHO,Guanyu Zhou,Alfa Romeo,17,15,0.0,Finished,15,17,0,12.333333333333334,13.666666666666666,16.0
2023,10,British Grand Prix,Silverstone Circuit,DEV,Nyck de Vries,AlphaTauri,18,17,0.0,Finished,17,18,0,16.333333333333332,15.666666666666666,17.0
2023,10,British Grand Prix,Silverstone Circuit,MAG,Kevin Magnussen,Haas F1 Team,19,19,0.0,Retired,19,19,0,17.666666666666668,17.166666666666668,18.0
2023,10,British Grand Prix,Silverstone Circuit,BOT,Valtteri Bottas,Alfa Romeo,20,12,0.0,Finished,12,20,0,14.666666666666666,13.5,19.0
2023,11,Hungarian Grand Prix,Hungaroring,HAM,Lewis Hamilton,Mercedes,1,4,12.0,Finished,4,1,0,4.666666666666667,7.5,0.0
2023,11,Hungarian Grand Prix,Hungaroring,VER,Max Verstappen,Red Bull,2,1,26.0,Finished,1,2,1,1.0,2.6666666666666665,1.0
2023,11,Hungarian Grand Prix,Hungaroring,NOR,Lando Norris,McLaren,3,2,18.0,Finished,2,3,0,6.333333333333333,9.833333333333334,2.0
2023,11,Hungarian Grand Prix,Hungaroring,PIA,Oscar Piastri,McLaren,4,5,10.0,Finished,5,4,0,10.333333333333334,8.333333333333334,3.0
2023,11,Hungarian Grand Prix,Hungaroring,ZHO,Guanyu Zhou,Alfa Romeo,5,16,0.0,Lapped,16,5,0,14.333333333333334,14.5,4.0
2023,11,Hungarian Grand Prix,Hungaroring,LEC,Charles Leclerc,Ferrari,6,7,6.0,Finished,7,6,0,5.0,6.166666666666667,5.0
2023,11,Hungarian Grand Prix,Hungaroring,BOT,Valtteri Bottas,Alfa Romeo,7,12,0.0,Lapped,12,7,0,12.333333333333334,13.333333333333334,6.0
2023,11,Hungarian Grand Prix,Hungaroring,ALO,Fernando Alonso,Aston Martin,8,9,2.0,Finished,9,8,0,4.666666666666667,6.5,7.0
2023,11,Hungarian Grand Prix,Hungaroring,PER,Sergio Pérez,Red Bull,9,3,15.0,Finished,3,9,0,5.0,3.0,8.0
2023,11,Hungarian Grand Prix,Hungaroring,HUL,Nico Hülkenberg,Haas F1 Team,10,14,0.0,Lapped,14,10,0,16.0,16.833333333333332,9.0
2023,11,Hungarian Grand Prix,Hungaroring,SAI,Carlos Sainz,Ferrari,11,8,4.0,Finished,8,11,0,7.0,6.0,10.0
2023,11,Hungarian Grand Prix,Hungaroring,OCO,Esteban Ocon,Alpine F1 Team,12,19,0.0,Retired,19,12,0,14.0,12.0,11.0
2023,11,Hungarian Grand Prix,Hungaroring,RIC,Daniel Ricciardo,AlphaTauri,13,13,0.0,Lapped,13,13,0,12.0,16.0,12.0
2023,11,Hungarian Grand Prix,Hungaroring,STR,Lance Stroll,Aston Martin,14,10,1.0,Lapped,10,14,0,10.666666666666666,7.666666666666667,13.0
2023,11,Hungarian Grand Prix,Hungaroring,GAS,Pierre Gasly,Alpine F1 Team,15,20,0.0,Retired,20,15,0,13.333333333333334,13.666666666666666,14.0
2023,11,Hungarian Grand Prix,Hungaroring,ALB,Alexander Albon,Williams,16,11,0.0,Lapped,11,16,0,8.666666666666666,13.166666666666666,15.0
2023,11,Hungarian Grand Prix,Hungaroring,TSU,Yuki Tsunoda,AlphaTauri,17,15,0.0,Lapped,15,17,0,16.333333333333332,16.833333333333332,16.0
2023,11,Hungarian Grand Prix,Hungaroring,RUS,George Russell,Mercedes,18,6,8.0,Finished,6,18,0,10.333333333333334,7.5,17.0
2023,11,Hungarian Grand Prix,Hungaroring,MAG,Kevin Magnussen,Haas F1 Team,19,17,0.0,Lapped,17,19,0,18.0,17.0,18.0
2023,11,Hungarian Grand Prix,Hungaroring,SAR,Logan Sargeant,Williams,20,18,0.0,Retired,18,20,0,14.666666666666666,11.666666666666666,19.0
2023,12,Belgian Grand Prix,Circuit de Spa-Francorchamps,LEC,Charles Leclerc,Ferrari,1,3,15.0,Finished,3,1,0,6.0,6.5,0.0
2023,12,Belgian Grand Prix,Circuit de Spa-Francorchamps,PER,Sergio Pérez,Red Bull,2,2,18.0,Finished,2,2,0,4.0,3.0,1.0
2023,12,Belgian Grand Prix,Circuit de Spa-Francorchamps,HAM,Lewis Hamilton,Mercedes,3,4,13.0,Finished,4,3,0,5.0,7.666666666666667,2.0
2023,12,Belgian Grand Prix,Circuit de Spa-Francorchamps,SAI,Carlos Sainz,Ferrari,4,19,0.0,Retired,19,4,0,8.0,7.0,3.0
2023,12,Belgian Grand Prix,Circuit de Spa-Francorchamps,PIA,Oscar Piastri,McLaren,5,20,0.0,Retired,20,5,0,8.333333333333334,6.5,4.0
2023,12,Belgian Grand Prix,Circuit de Spa-Francorchamps,VER,Max Verstappen,Red Bull,6,1,25.0,Finished,1,6,1,1.0,2.5,5.0
2023,12,Belgian Grand Prix,Circuit de Spa-Francorchamps,NOR,Lando Norris,McLaren,7,7,6.0,Finished,7,7,0,2.6666666666666665,5.5,6.0
2023,12,Belgian Grand Prix,Circuit de Spa-Francorchamps,RUS,George Russell,Mercedes,8,6,8.0,Finished,6,8,0,6.0,5.5,7.0
2023,12,Belgian Grand Prix,Circuit de Spa-Francorchamps,ALO,Fernando Alonso,Aston Martin,9,5,10.0,Finished,5,9,0,7.0,8.833333333333334,8.0
2023,12,Belgian Grand Prix,Circuit de Spa-Francorchamps,STR,Lance Stroll,Aston Martin,10,9,2.0,Finished,9,10,0,11.0,9.0,9.0
2023,12,Belgian Grand Prix,Circuit de Spa-Francorchamps,TSU,Yuki Tsunoda,AlphaTauri,11,10,1.0,Finished,10,11,0,16.666666666666668,16.0,10.0
2023,12,Belgian Grand Prix,Circuit de Spa-Francorchamps,GAS,Pierre Gasly,Alpine F1 Team,12,11,0.0,Finished,11,12,0,16.0,15.5,11.0
2023,12,Belgian Grand Prix,Circuit de Spa-Francorchamps,BOT,Valtteri Bottas,Alfa Romeo,13,12,0.0,Finished,12,13,0,13.0,14.333333333333334,12.0
2023,12,Belgian Grand Prix,Circuit de Spa-Francorchamps,OCO,Esteban Ocon,Alpine F1 Team,14,8,4.0,Finished,8,14,0,17.666666666666668,16.833333333333332,13.0
2023,12,Belgian Grand Prix,Circuit de Spa-Francorchamps,ALB,Alexander Albon,Williams,15,14,0.0,Finished,14,15,0,10.0,12.333333333333334,14.0
2023,12,Belgian Grand Prix,Circuit de Spa-Francorchamps,MAG,Kevin Magnussen,Haas F1 Team,16,15,0.0,Finished,15,16,0,18.0,16.833333333333332,15.0
2023,12,Belgian Grand Prix,Circuit de Spa-Francorchamps,ZHO,Guanyu Zhou,Alfa Romeo,17,13,0.0,Finished,13,17,0,14.333333333333334,13.666666666666666,16.0
2023,12,Belgian Grand Prix,Circuit de Spa-Francorchamps,SAR,Logan Sargeant,Williams,18,17,0.0,Finished,17,18,0,14.0,12.0,17.0
2023,12,Belgian Grand Prix,Circuit de Spa-Francorchamps,RIC,Daniel Ricciardo,AlphaTauri,19,16,0.0,Finished,16,19,0,14.0,16.166666666666668,18.0
2023,12,Belgian Grand Prix,Circuit de Spa-Francorchamps,HUL,Nico Hülkenberg,Haas F1 Team,20,18,0.0,Finished,18,20,0,15.666666666666666,16.833333333333332,19.0
2023,13,Dutch Grand Prix,Circuit Park Zandvoort,VER,Max Verstappen,Red Bull,1,1,25.0,Finished,1,1,1,1.0,2.6666666666666665,0.0
2023,13,Dutch Grand Prix,Circuit Park Zandvoort,NOR,Lando Norris,McLaren,2,7,6.0,Finished,7,2,0,3.6666666666666665,8.166666666666666,1.0
2023,13,Dutch Grand Prix,Circuit Park Zandvoort,RUS,George Russell,Mercedes,3,17,0.0,Finished,17,3,0,5.666666666666667,4.833333333333333,2.0
2023,13,Dutch Grand Prix,Circuit Park Zandvoort,ALB,Alexander Albon,Williams,4,8,4.0,Finished,8,4,0,11.0,12.5,3.0
2023,13,Dutch Grand Prix,Circuit Park Zandvoort,ALO,Fernando Alonso,Aston Martin,5,2,19.0,Finished,2,5,0,7.0,8.333333333333334,4.0
2023,13,Dutch Grand Prix,Circuit Park Zandvoort,SAI,Carlos Sainz,Ferrari,6,5,10.0,Finished,5,6,0,12.333333333333334,7.166666666666667,5.0
2023,13,Dutch Grand Prix,Circuit Park Zandvoort,PER,Sergio Pérez,Red Bull,7,4,12.0,Finished,4,7,0,3.6666666666666665,2.3333333333333335,6.0
2023,13,Dutch Grand Prix,Circuit Park Zandvoort,PIA,Oscar Piastri,McLaren,8,9,2.0,Finished,9,8,0,9.666666666666666,6.666666666666667,7.0
2023,13,Dutch Grand Prix,Circuit Park Zandvoort,LEC,Charles Leclerc,Ferrari,9,19,0.0,Undertray,19,9,0,6.333333333333333,9.333333333333334,8.0
2023,13,Dutch Grand Prix,Circuit Park Zandvoort,SAR,Logan Sargeant,Williams,10,20,0.0,Accident,20,10,0,15.333333333333334,13.166666666666666,9.0
2023,13,Dutch Grand Prix,Circuit Park Zandvoort,STR,Lance Stroll,Aston Martin,11,11,0.0,Finished,11,11,0,11.0,9.0,10.0
2023,13,Dutch Grand Prix,Circuit Park Zandvoort,GAS,Pierre Gasly,Alpine F1 Team,12,3,15.0,Finished,3,12,0,16.333333333333332,17.0,11.0
2023,13,Dutch Grand Prix,Circuit Park Zandvoort,HAM,Lewis Hamilton,Mercedes,13,6,8.0,Finished,6,13,0,3.6666666666666665,4.666666666666667,12.0
2023,13,Dutch Grand Prix,Circuit Park Zandvoort,HUL,Nico Hülkenberg,Haas F1 Team,14,12,0.0,Finished,12,14,0,15.0,16.0,13.0
2023,13,Dutch Grand Prix,Circuit Park Zandvoort,ZHO,Guanyu Zhou,Alfa Romeo,15,18,0.0,Accident,18,15,0,14.666666666666666,13.166666666666666,14.0
2023,13,Dutch Grand Prix,Circuit Park Zandvoort,OCO,Esteban Ocon,Alpine F1 Team,16,10,1.0,Finished,10,16,0,15.666666666666666,16.0,15.0
2023,13,Dutch Grand Prix,Circuit Park Zandvoort,TSU,Yuki Tsunoda,AlphaTauri,17,15,0.0,Finished,15,17,0,13.666666666666666,14.666666666666666,16.0
2023,13,Dutch Grand Prix,Circuit Park Zandvoort,BOT,Valtteri Bottas,Alfa Romeo,18,14,0.0,Finished,14,18,0,12.0,13.333333333333334,17.0
2023,13,Dutch Grand Prix,Circuit Park Zandvoort,LAW,Liam Lawson,AlphaTauri,19,13,0.0,Finished,13,19,0,12.0,14.5,18.0
2023,13,Dutch Grand Prix,Circuit Park Zandvoort,MAG,Kevin Magnussen,Haas F1 Team,0,16,0.0,Finished,16,20,0,17.0,16.0,19.0
2023,14,Italian Grand Prix,Autodromo Nazionale di Monza,SAI,Carlos Sainz,Ferrari,1,3,15.0,Finished,3,1,0,10.666666666666666,8.666666666666666,0.0
2023,14,Italian Grand Prix,Autodromo Nazionale di Monza,VER,Max Verstappen,Red Bull,2,1,25.0,Finished,1,2,1,1.0,2.3333333333333335,1.0
2023,14,Italian Grand Prix,Autodromo Nazionale di Monza,LEC,Charles Leclerc,Ferrari,3,4,12.0,Finished,4,3,0,9.666666666666666,10.166666666666666,2.0
2023,14,Italian Grand Prix,Autodromo Nazionale di Monza,RUS,George Russell,Mercedes,4,5,10.0,Finished,5,4,0,9.666666666666666,6.666666666666667,3.0
2023,14,Italian Grand Prix,Autodromo Nazionale di Monza,PER,Sergio Pérez,Red Bull,5,2,18.0,Finished,2,5,0,3.0,2.0,4.0
2023,14,Italian Grand Prix,Autodromo Nazionale di Monza,ALB,Alexander Albon,Williams,6,7,6.0,Finished,7,6,0,11.0,13.166666666666666,5.0
2023,14,Italian Grand Prix,Autodromo Nazionale di Monza,PIA,Oscar Piastri,McLaren,7,12,0.0,Finished,12,7,0,11.333333333333334,7.5,6.0
2023,14,Italian Grand Prix,Autodromo Nazionale di Monza,HAM,Lewis Hamilton,Mercedes,8,6,8.0,Finished,6,8,0,4.666666666666667,7.166666666666667,7.0
2023,14,Italian Grand Prix,Autodromo Nazionale di Monza,NOR,Lando Norris,McLaren,9,8,4.0,Finished,8,9,0,5.333333333333333,8.333333333333334,8.0
2023,14,Italian Grand Prix,Autodromo Nazionale di Monza,ALO,Fernando Alonso,Aston Martin,10,9,2.0,Finished,9,10,0,5.333333333333333,8.166666666666666,9.0
2023,14,Italian Grand Prix,Autodromo Nazionale di Monza,TSU,Yuki Tsunoda,AlphaTauri,11,20,0.0,Did not start,20,11,0,13.333333333333334,14.333333333333334,10.0
2023,14,Italian Grand Prix,Autodromo Nazionale di Monza,LAW,Liam Lawson,AlphaTauri,12,11,0.0,Finished,11,12,0,13.0,13.666666666666666,11.0
2023,14,Italian Grand Prix,Autodromo Nazionale di Monza,HUL,Nico Hülkenberg,Haas F1 Team,13,17,0.0,Lapped,17,13,0,14.666666666666666,15.833333333333334,12.0
2023,14,Italian Grand Prix,Autodromo Nazionale di Monza,BOT,Valtteri Bottas,Alfa Romeo,14,10,1.0,Finished,10,14,0,12.666666666666666,13.833333333333334,13.0
2023,14,Italian Grand Prix,Autodromo Nazionale di Monza,SAR,Logan Sargeant,Williams,15,13,0.0,Finished,13,15,0,18.333333333333332,14.666666666666666,14.0
2023,14,Italian Grand Prix,Autodromo Nazionale di Monza,ZHO,Guanyu Zhou,Alfa Romeo,16,14,0.0,Finished,14,16,0,15.666666666666666,14.166666666666666,15.0
2023,14,Italian Grand Prix,Autodromo Nazionale di Monza,GAS,Pierre Gasly,Alpine F1 Team,17,15,0.0,Finished,15,17,0,11.333333333333334,13.5,16.0
2023,14,Italian Grand Prix,Autodromo Nazionale di Monza,OCO,Esteban Ocon,Alpine F1 Team,18,19,0.0,Retired,19,18,0,12.333333333333334,11.833333333333334,17.0
2023,14,Italian Grand Prix,Autodromo Nazionale di Monza,MAG,Kevin Magnussen,Haas F1 Team,19,18,0.0,Lapped,18,19,0,16.0,15.333333333333334,18.0
2023,14,Italian Grand Prix,Autodromo Nazionale di Monza,STR,Lance Stroll,Aston Martin,20,16,0.0,Finished,16,20,0,10.0,7.666666666666667,19.0
2023,15,Singapore Grand Prix,Marina Bay Street Circuit,SAI,Carlos Sainz,Ferrari,1,1,25.0,Finished,1,1,1,9.0,9.5,0.0
2023,15,Singapore Grand Prix,Marina Bay Street Circuit,RUS,George Russell,Mercedes,2,16,0.0,Retired,16,2,0,9.333333333333334,7.333333333333333,1.0
2023,15,Singapore Grand Prix,Marina Bay Street Circuit,LEC,Charles Leclerc,Ferrari,3,4,12.0,Finished,4,3,0,8.666666666666666,8.833333333333334,2.0
2023,15,Singapore Grand Prix,Marina Bay Street Circuit,NOR,Lando Norris,McLaren,4,2,18.0,Finished,2,4,0,7.333333333333333,10.0,3.0
2023,15,Singapore Grand Prix,Marina Bay Street Circuit,HAM,Lewis Hamilton,Mercedes,5,3,16.0,Finished,3,5,0,5.333333333333333,7.333333333333333,4.0
2023,15,Singapore Grand Prix,Marina Bay Street Circuit,MAG,Kevin Magnussen,Haas F1 Team,6,10,1.0,Finished,10,6,0,16.333333333333332,15.833333333333334,5.0
2023,15,Singapore Grand Prix,Marina Bay Street Circuit,ALO,Fernando Alonso,Aston Martin,7,15,0.0,Finished,15,7,0,5.333333333333333,7.666666666666667,6.0
2023,15,Singapore Grand Prix,Marina Bay Street Circuit,OCO,Esteban Ocon,Alpine F1 Team,8,18,0.0,Retired,18,8,0,12.333333333333334,11.166666666666666,7.0
2023,15,Singapore Grand Prix,Marina Bay Street Circuit,HUL,Nico Hülkenberg,Haas F1 Team,9,13,0.0,Finished,13,9,0,15.666666666666666,16.0,8.0
2023,15,Singapore Grand Prix,Marina Bay Street Circuit,LAW,Liam Lawson,AlphaTauri,10,9,2.0,Finished,9,10,0,12.0,14.833333333333334,9.0
2023,15,Singapore Grand Prix,Marina Bay Street Circuit,VER,Max Verstappen,Red Bull,11,5,10.0,Finished,5,11,0,1.0,2.0,10.0
2023,15,Singapore Grand Prix,Marina Bay Street Circuit,GAS,Pierre Gasly,Alpine F1 Team,12,6,8.0,Finished,6,12,0,9.666666666666666,11.0,11.0
2023,15,Singapore Grand Prix,Marina Bay Street Circuit,PER,Sergio Pérez,Red Bull,13,8,4.0,Finished,8,13,0,2.6666666666666665,1.8333333333333333,12.0
2023,15,Singapore Grand Prix,Marina Bay Street Circuit,ALB,Alexander Albon,Williams,14,11,0.0,Finished,11,14,0,9.666666666666666,14.0,13.0
2023,15,Singapore Grand Prix,Marina Bay Street Circuit,TSU,Yuki Tsunoda,AlphaTauri,15,19,0.0,Retired,19,15,0,15.0,14.166666666666666,14.0
2023,15,Singapore Grand Prix,Marina Bay Street Circuit,BOT,Valtteri Bottas,Alfa Romeo,16,17,0.0,Retired,17,16,0,12.0,13.166666666666666,15.0
2023,15,Singapore Grand Prix,Marina Bay Street Circuit,PIA,Oscar Piastri,McLaren,17,7,6.0,Finished,7,17,0,13.666666666666666,10.5,16.0
2023,15,Singapore Grand Prix,Marina Bay Street Circuit,SAR,Logan Sargeant,Williams,18,14,0.0,Finished,14,18,0,16.666666666666668,13.166666666666666,17.0
2023,15,Singapore Grand Prix,Marina Bay Street Circuit,ZHO,Guanyu Zhou,Alfa Romeo,19,12,0.0,Finished,12,19,0,15.0,13.5,18.0
2023,15,Singapore Grand Prix,Marina Bay Street Circuit,STR,Lance Stroll,Aston Martin,0,20,0.0,Withdrew,20,20,0,12.0,8.666666666666666,19.0
2023,16,Japanese Grand Prix,Suzuka Circuit,VER,Max Verstappen,Red Bull,1,1,26.0,Finished,1,1,1,2.3333333333333335,2.3333333333333335,0.0
2023,16,Japanese Grand Prix,Suzuka Circuit,PIA,Oscar Piastri,McLaren,2,3,15.0,Finished,3,2,0,9.333333333333334,7.5,1.0
2023,16,Japanese Grand Prix,Suzuka Circuit,NOR,Lando Norris,McLaren,3,2,18.0,Finished,2,3,0,5.666666666666667,7.5,2.0
2023,16,Japanese Grand Prix,Suzuka Circuit,LEC,Charles Leclerc,Ferrari,4,4,12.0,Finished,4,4,0,9.0,8.5,3.0
2023,16,Japanese Grand Prix,Suzuka Circuit,PER,Sergio Pérez,Red Bull,5,19,0.0,Retired,19,5,0,4.666666666666667,3.5,4.0
2023,16,Japanese Grand Prix,Suzuka Circuit,SAI,Carlos Sainz,Ferrari,6,6,8.0,Finished,6,6,0,3.0,6.0,5.0
2023,16,Japanese Grand Prix,Suzuka Circuit,HAM,Lewis Hamilton,Mercedes,7,5,10.0,Finished,5,7,0,5.0,9.333333333333334,6.0
2023,16,Japanese Grand Prix,Suzuka Circuit,RUS,George Russell,Mercedes,8,7,6.0,Finished,7,8,0,12.666666666666666,8.833333333333334,7.0
2023,16,Japanese Grand Prix,Suzuka Circuit,TSU,Yuki Tsunoda,AlphaTauri,9,12,0.0,Lapped,12,9,0,18.0,14.0,8.0
2023,16,Japanese Grand Prix,Suzuka Circuit,ALO,Fernando Alonso,Aston Martin,10,8,4.0,Finished,8,10,0,8.666666666666666,10.333333333333334,9.0
2023,16,Japanese Grand Prix,Suzuka Circuit,LAW,Liam Lawson,AlphaTauri,11,11,0.0,Lapped,11,11,0,11.0,14.5,10.0
2023,16,Japanese Grand Prix,Suzuka Circuit,GAS,Pierre Gasly,Alpine F1 Team,12,10,1.0,Finished,10,12,0,8.0,12.166666666666666,11.0
2023,16,Japanese Grand Prix,Suzuka Circuit,ALB,Alexander Albon,Williams,13,16,0.0,Retired,16,13,0,8.666666666666666,12.666666666666666,12.0
2023,16,Japanese Grand Prix,Suzuka Circuit,OCO,Esteban Ocon,Alpine F1 Team,14,9,2.0,Finished,9,14,0,15.666666666666666,11.833333333333334,13.0
2023,16,Japanese Grand Prix,Suzuka Circuit,MAG,Kevin Magnussen,Haas F1 Team,15,15,0.0,Lapped,15,15,0,14.666666666666666,15.166666666666666,14.0
2023,16,Japanese Grand Prix,Suzuka Circuit,BOT,Valtteri Bottas,Alfa Romeo,16,20,0.0,Retired,20,16,0,13.666666666666666,14.333333333333334,15.0
2023,16,Japanese Grand Prix,Suzuka Circuit,STR,Lance Stroll,Aston Martin,17,18,0.0,Retired,18,17,0,15.666666666666666,12.166666666666666,16.0
2023,16,Japanese Grand Prix,Suzuka Circuit,HUL,Nico Hülkenberg,Haas F1 Team,18,14,0.0,Lapped,14,18,0,14.0,14.333333333333334,17.0
2023,16,Japanese Grand Prix,Suzuka Circuit,ZHO,Guanyu Zhou,Alfa Romeo,19,13,0.0,Lapped,13,19,0,14.666666666666666,14.166666666666666,18.0
2023,16,Japanese Grand Prix,Suzuka Circuit,SAR,Logan Sargeant,Williams,20,17,0.0,Retired,17,20,0,15.666666666666666,12.166666666666666,19.0
2023,17,Qatar Grand Prix,Losail International Circuit,VER,Max Verstappen,Red Bull,1,1,26.0,Finished,1,1,1,2.3333333333333335,3.5,0.0
2023,17,Qatar Grand Prix,Losail International Circuit,RUS,George Russell,Mercedes,2,4,12.0,Finished,4,2,0,9.333333333333334,6.833333333333333,1.0
2023,17,Qatar Grand Prix,Losail International Circuit,HAM,Lewis Hamilton,Mercedes,3,19,0.0,Retired,19,3,0,4.666666666666667,7.0,2.0
2023,17,Qatar Grand Prix,Losail International Circuit,ALO,Fernando Alonso,Aston Martin,4,6,8.0,Finished,6,4,0,10.666666666666666,13.166666666666666,3.0
2023,17,Qatar Grand Prix,Losail International Circuit,LEC,Charles Leclerc,Ferrari,5,5,10.0,Finished,5,5,0,4.0,5.833333333333333,4.0
2023,17,Qatar Grand Prix,Losail International Circuit,PIA,Oscar Piastri,McLaren,6,2,18.0,Finished,2,6,0,7.333333333333333,6.833333333333333,5.0
2023,17,Qatar Grand Prix,Losail International Circuit,GAS,Pierre Gasly,Alpine F1 Team,7,12,0.0,Finished,12,7,0,10.333333333333334,13.0,6.0
2023,17,Qatar Grand Prix,Losail International Circuit,OCO,Esteban Ocon,Alpine F1 Team,8,7,6.0,Finished,7,8,0,15.333333333333334,12.833333333333334,7.0
2023,17,Qatar Grand Prix,Losail International Circuit,BOT,Valtteri Bottas,Alfa Romeo,9,8,4.0,Finished,8,9,0,15.666666666666666,14.5,8.0
2023,17,Qatar Grand Prix,Losail International Circuit,NOR,Lando Norris,McLaren,10,3,15.0,Finished,3,10,0,4.0,5.666666666666667,9.0
2023,17,Qatar Grand Prix,Losail International Circuit,TSU,Yuki Tsunoda,AlphaTauri,11,15,0.0,Lapped,15,11,0,17.0,14.0,10.0
2023,17,Qatar Grand Prix,Losail International Circuit,SAI,Carlos Sainz,Ferrari,12,20,0.0,Did not start,20,12,0,3.3333333333333335,3.6666666666666665,11.0
2023,17,Qatar Grand Prix,Losail International Circuit,ALB,Alexander Albon,Williams,13,13,0.0,Finished,13,13,0,11.333333333333334,13.5,12.0
2023,17,Qatar Grand Prix,Losail International Circuit,HUL,Nico Hülkenberg,Haas F1 Team,14,16,0.0,Lapped,16,14,0,14.666666666666666,14.833333333333334,13.0
2023,17,Qatar Grand Prix,Losail International Circuit,SAR,Logan Sargeant,Williams,15,18,0.0,Retired,18,15,0,14.666666666666666,13.0,14.0
2023,17,Qatar Grand Prix,Losail International Circuit,STR,Lance Stroll,Aston Martin,16,11,0.0,Finished,11,16,0,18.0,14.333333333333334,15.0
2023,17,Qatar Grand Prix,Losail International Circuit,LAW,Liam Lawson,AlphaTauri,17,17,0.0,Lapped,17,17,0,10.333333333333334,13.666666666666666,16.0
2023,17,Qatar Grand Prix,Losail International Circuit,MAG,Kevin Magnussen,Haas F1 Team,18,14,0.0,Lapped,14,18,0,14.333333333333334,14.5,17.0
2023,17,Qatar Grand Prix,Losail International Circuit,ZHO,Guanyu Zhou,Alfa Romeo,19,9,2.0,Finished,9,19,0,13.0,14.333333333333334,18.0
2023,17,Qatar Grand Prix,Losail International Circuit,PER,Sergio Pérez,Red Bull,20,10,1.0,Finished,10,20,0,9.666666666666666,6.0,19.0
2023,18,United States Grand Prix,Circuit of the Americas,LEC,Charles Leclerc,Ferrari,1,20,0.0,Disqualified,20,1,0,4.333333333333333,4.0,0.0
2023,18,United States Grand Prix,Circuit of the Americas,NOR,Lando Norris,McLaren,2,2,18.0,Finished,2,2,0,2.3333333333333335,4.0,1.0
2023,18,United States Grand Prix,Circuit of the Americas,HAM,Lewis Hamilton,Mercedes,3,19,0.0,Disqualified,19,3,0,9.0,6.833333333333333,2.0
2023,18,United States Grand Prix,Circuit of the Americas,SAI,Carlos Sainz,Ferrari,4,3,15.0,Finished,3,4,0,9.0,6.666666666666667,3.0
2023,18,United States Grand Prix,Circuit of the Americas,RUS,George Russell,Mercedes,5,5,10.0,Finished,5,5,0,9.0,9.0,4.0
2023,18,United States Grand Prix,Circuit of the Americas,VER,Max Verstappen,Red Bull,6,1,25.0,Finished,1,6,1,2.3333333333333335,6.0,5.0
2023,18,United States Grand Prix,Circuit of the Americas,GAS,Pierre Gasly,Alpine F1 Team,7,6,8.0,Finished,6,7,0,9.333333333333334,12.333333333333334,6.0
2023,18,United States Grand Prix,Circuit of the Americas,OCO,Esteban Ocon,Alpine F1 Team,8,18,0.0,Retired,18,8,0,11.333333333333334,10.333333333333334,7.0
2023,18,United States Grand Prix,Circuit of the Americas,PER,Sergio Pérez,Red Bull,9,4,12.0,Finished,4,9,0,12.333333333333334,7.333333333333333,8.0
2023,18,United States Grand Prix,Circuit of the Americas,PIA,Oscar Piastri,McLaren,10,17,0.0,Retired,17,10,0,4.0,3.1666666666666665,9.0
2023,18,United States Grand Prix,Circuit of the Americas,TSU,Yuki Tsunoda,AlphaTauri,11,8,5.0,Finished,8,11,0,15.333333333333334,12.833333333333334,10.0
2023,18,United States Grand Prix,Circuit of the Americas,ZHO,Guanyu Zhou,Alfa Romeo,12,13,0.0,Lapped,13,12,0,11.333333333333334,14.0,11.0
2023,18,United States Grand Prix,Circuit of the Americas,BOT,Valtteri Bottas,Alfa Romeo,13,12,0.0,Finished,12,13,0,15.0,13.166666666666666,12.0
2023,18,United States Grand Prix,Circuit of the Americas,RIC,Daniel Ricciardo,AlphaTauri,14,15,0.0,Lapped,15,14,0,12.666666666666666,13.833333333333334,13.0
2023,18,United States Grand Prix,Circuit of the Americas,ALB,Alexander Albon,Williams,15,9,2.0,Finished,9,15,0,13.333333333333334,14.0,14.0
2023,18,United States Grand Prix,Circuit of the Americas,SAR,Logan Sargeant,Williams,16,10,1.0,Finished,10,16,0,16.333333333333332,14.833333333333334,15.0
2023,18,United States Grand Prix,Circuit of the Americas,MAG,Kevin Magnussen,Haas F1 Team,17,14,0.0,Lapped,14,17,0,13.0,14.333333333333334,16.0
2023,18,United States Grand Prix,Circuit of the Americas,HUL,Nico Hülkenberg,Haas F1 Team,18,11,0.0,Finished,11,18,0,14.333333333333334,13.666666666666666,17.0
2023,18,United States Grand Prix,Circuit of the Americas,ALO,Fernando Alonso,Aston Martin,19,16,0.0,Retired,16,19,0,9.666666666666666,13.833333333333334,18.0
2023,18,United States Grand Prix,Circuit of the Americas,STR,Lance Stroll,Aston Martin,20,7,6.0,Finished,7,20,0,16.333333333333332,13.0,19.0
2023,19,Mexico City Grand Prix,Autódromo Hermanos Rodríguez,LEC,Charles Leclerc,Ferrari,1,3,15.0,Finished,3,1,0,9.666666666666666,9.833333333333334,0.0
2023,19,Mexico City Grand Prix,Autódromo Hermanos Rodríguez,SAI,Carlos Sainz,Ferrari,2,4,12.0,Finished,4,2,0,9.666666666666666,9.666666666666666,1.0
2023,19,Mexico City Grand Prix,Autódromo Hermanos Rodríguez,VER,Max Verstappen,Red Bull,3,1,25.0,Finished,1,3,1,1.0,6.666666666666667,2.0
2023,19,Mexico City Grand Prix,Autódromo Hermanos Rodríguez,RIC,Daniel Ricciardo,AlphaTauri,4,7,6.0,Finished,7,4,0,14.666666666666666,13.666666666666666,3.0
2023,19,Mexico City Grand Prix,Autódromo Hermanos Rodríguez,PER,Sergio Pérez,Red Bull,5,20,0.0,Collision damage,20,5,0,11.0,6.0,4.0
2023,19,Mexico City Grand Prix,Autódromo Hermanos Rodríguez,HAM,Lewis Hamilton,Mercedes,6,2,19.0,Finished,2,6,0,14.333333333333334,9.5,5.0
2023,19,Mexico City Grand Prix,Autódromo Hermanos Rodríguez,PIA,Oscar Piastri,McLaren,7,8,4.0,Finished,8,7,0,7.333333333333333,3.1666666666666665,6.0
2023,19,Mexico City Grand Prix,Autódromo Hermanos Rodríguez,RUS,George Russell,Mercedes,8,6,8.0,Finished,6,8,0,5.333333333333333,9.833333333333334,7.0
2023,19,Mexico City Grand Prix,Autódromo Hermanos Rodríguez,BOT,Valtteri Bottas,Alfa Romeo,9,15,0.0,Finished,15,9,0,13.333333333333334,12.5,8.0
2023,19,Mexico City Grand Prix,Autódromo Hermanos Rodríguez,ZHO,Guanyu Zhou,Alfa Romeo,10,14,0.0,Finished,14,10,0,11.666666666666666,12.5,9.0
2023,19,Mexico City Grand Prix,Autódromo Hermanos Rodríguez,GAS,Pierre Gasly,Alpine F1 Team,11,11,0.0,Finished,11,11,0,9.333333333333334,8.333333333333334,10.0
2023,19,Mexico City Grand Prix,Autódromo Hermanos Rodríguez,HUL,Nico Hülkenberg,Haas F1 Team,12,13,0.0,Finished,13,12,0,13.666666666666666,14.333333333333334,11.0
2023,19,Mexico City Grand Prix,Autódromo Hermanos Rodríguez,ALO,Fernando Alonso,Aston Martin,13,18,0.0,Withdrew,18,13,0,10.0,13.166666666666666,12.0
2023,19,Mexico City Grand Prix,Autódromo Hermanos Rodríguez,ALB,Alexander Albon,Williams,14,9,2.0,Finished,9,14,0,12.666666666666666,14.5,13.0
2023,19,Mexico City Grand Prix,Autódromo Hermanos Rodríguez,OCO,Esteban Ocon,Alpine F1 Team,15,10,1.0,Finished,10,15,0,11.333333333333334,10.333333333333334,14.0
2023,19,Mexico City Grand Prix,Autódromo Hermanos Rodríguez,MAG,Kevin Magnussen,Haas F1 Team,16,19,0.0,Accident,19,16,0,14.333333333333334,14.0,15.0
2023,19,Mexico City Grand Prix,Autódromo Hermanos Rodríguez,NOR,Lando Norris,McLaren,17,5,10.0,Finished,5,17,0,2.3333333333333335,4.833333333333333,16.0
2023,19,Mexico City Grand Prix,Autódromo Hermanos Rodríguez,TSU,Yuki Tsunoda,AlphaTauri,18,12,0.0,Finished,12,18,0,11.666666666666666,13.0,17.0
2023,19,Mexico City Grand Prix,Autódromo Hermanos Rodríguez,SAR,Logan Sargeant,Williams,19,16,0.0,Retired,16,19,0,15.0,13.833333333333334,18.0
2023,19,Mexico City Grand Prix,Autódromo Hermanos Rodríguez,STR,Lance Stroll,Aston Martin,0,17,0.0,Collision damage,17,20,0,12.0,11.0,19.0
2023,20,São Paulo Grand Prix,Autódromo José Carlos Pace,VER,Max Verstappen,Red Bull,1,1,25.0,Finished,1,1,1,1.0,6.0,0.0
2023,20,São Paulo Grand Prix,Autódromo José Carlos Pace,LEC,Charles Leclerc,Ferrari,2,20,0.0,Did not start,20,2,0,9.333333333333334,9.5,1.0
2023,20,São Paulo Grand Prix,Autódromo José Carlos Pace,STR,Lance Stroll,Aston Martin,3,5,10.0,Finished,5,3,0,11.666666666666666,12.666666666666666,2.0
2023,20,São Paulo Grand Prix,Autódromo José Carlos Pace,ALO,Fernando Alonso,Aston Martin,4,3,15.0,Finished,3,4,0,13.333333333333334,12.5,3.0
2023,20,São Paulo Grand Prix,Autódromo José Carlos Pace,HAM,Lewis Hamilton,Mercedes,5,8,4.0,Finished,8,5,0,13.333333333333334,9.333333333333334,4.0
2023,20,São Paulo Grand Prix,Autódromo José Carlos Pace,NOR,Lando Norris,McLaren,6,2,19.0,Finished,2,6,0,3.3333333333333335,5.666666666666667,5.0
2023,20,São Paulo Grand Prix,Autódromo José Carlos Pace,SAI,Carlos Sainz,Ferrari,7,6,8.0,Finished,6,7,0,9.0,9.166666666666666,6.0
2023,20,São Paulo Grand Prix,Autódromo José Carlos Pace,RUS,George Russell,Mercedes,8,15,0.0,Retired,15,8,0,5.0,9.166666666666666,7.0
2023,20,São Paulo Grand Prix,Autódromo José Carlos Pace,PER,Sergio Pérez,Red Bull,9,4,12.0,Finished,4,9,0,11.333333333333334,6.166666666666667,8.0
2023,20,São Paulo Grand Prix,Autódromo José Carlos Pace,PIA,Oscar Piastri,McLaren,10,14,0.0,Lapped,14,10,0,9.0,6.166666666666667,9.0
2023,20,São Paulo Grand Prix,Autódromo José Carlos Pace,HUL,Nico Hülkenberg,Haas F1 Team,11,12,0.0,Lapped,12,11,0,13.333333333333334,13.666666666666666,10.0
2023,20,São Paulo Grand Prix,Autódromo José Carlos Pace,MAG,Kevin Magnussen,Haas F1 Team,12,18,0.0,Retired,18,12,0,15.666666666666666,14.5,11.0
2023,20,São Paulo Grand Prix,Autódromo José Carlos Pace,ALB,Alexander Albon,Williams,13,19,0.0,Retired,19,13,0,10.333333333333334,12.666666666666666,12.0
2023,20,São Paulo Grand Prix,Autódromo José Carlos Pace,OCO,Esteban Ocon,Alpine F1 Team,14,10,1.0,Lapped,10,14,0,11.666666666666666,10.5,13.0
2023,20,São Paulo Grand Prix,Autódromo José Carlos Pace,GAS,Pierre Gasly,Alpine F1 Team,15,7,6.0,Finished,7,15,0,9.666666666666666,10.666666666666666,14.0
2023,20,São Paulo Grand Prix,Autódromo José Carlos Pace,TSU,Yuki Tsunoda,AlphaTauri,16,9,2.0,Finished,9,16,0,11.666666666666666,12.166666666666666,15.0
2023,20,São Paulo Grand Prix,Autódromo José Carlos Pace,RIC,Daniel Ricciardo,AlphaTauri,17,13,0.0,Lapped,13,17,0,12.666666666666666,12.333333333333334,16.0
2023,20,São Paulo Grand Prix,Autódromo José Carlos Pace,BOT,Valtteri Bottas,Alfa Romeo,18,16,0.0,Retired,16,18,0,11.666666666666666,11.666666666666666,17.0
2023,20,São Paulo Grand Prix,Autódromo José Carlos Pace,SAR,Logan Sargeant,Williams,19,11,0.0,Lapped,11,19,0,14.666666666666666,12.5,18.0
2023,20,São Paulo Grand Prix,Autódromo José Carlos Pace,ZHO,Guanyu Zhou,Alfa Romeo,20,17,0.0,Retired,17,20,0,12.0,11.833333333333334,19.0
2023,21,Las Vegas Grand Prix,Las Vegas Strip Street Circuit,LEC,Charles Leclerc,Ferrari,1,2,18.0,Finished,2,1,0,14.333333333333334,11.666666666666666,0.0
2023,21,Las Vegas Grand Prix,Las Vegas Strip Street Circuit,VER,Max Verstappen,Red Bull,2,1,25.0,Finished,1,2,1,1.0,6.166666666666667,1.0
2023,21,Las Vegas Grand Prix,Las Vegas Strip Street Circuit,RUS,George Russell,Mercedes,3,8,4.0,Finished,8,3,0,8.666666666666666,9.833333333333334,2.0
2023,21,Las Vegas Grand Prix,Las Vegas Strip Street Circuit,GAS,Pierre Gasly,Alpine F1 Team,4,11,0.0,Finished,11,4,0,8.0,10.333333333333334,3.0
2023,21,Las Vegas Grand Prix,Las Vegas Strip Street Circuit,ALB,Alexander Albon,Williams,5,12,0.0,Finished,12,5,0,12.333333333333334,13.5,4.0
2023,21,Las Vegas Grand Prix,Las Vegas Strip Street Circuit,SAR,Logan Sargeant,Williams,6,16,0.0,Finished,16,6,0,12.333333333333334,12.333333333333334,5.0
2023,21,Las Vegas Grand Prix,Las Vegas Strip Street Circuit,BOT,Valtteri Bottas,Alfa Romeo,7,17,0.0,Finished,17,7,0,14.333333333333334,13.166666666666666,6.0
2023,21,Las Vegas Grand Prix,Las Vegas Strip Street Circuit,MAG,Kevin Magnussen,Haas F1 Team,8,13,0.0,Finished,13,8,0,17.0,13.833333333333334,7.0
2023,21,Las Vegas Grand Prix,Las Vegas Strip Street Circuit,ALO,Fernando Alonso,Aston Martin,9,9,2.0,Finished,9,9,0,12.333333333333334,12.333333333333334,8.0
2023,21,Las Vegas Grand Prix,Las Vegas Strip Street Circuit,HAM,Lewis Hamilton,Mercedes,10,7,6.0,Finished,7,10,0,9.666666666666666,9.166666666666666,9.0
2023,21,Las Vegas Grand Prix,Las Vegas Strip Street Circuit,PER,Sergio Pérez,Red Bull,11,3,15.0,Finished,3,11,0,9.333333333333334,5.166666666666667,10.0
2023,21,Las Vegas Grand Prix,Las Vegas Strip Street Circuit,SAI,Carlos Sainz,Ferrari,12,6,8.0,Finished,6,12,0,4.333333333333333,9.333333333333334,11.0
2023,21,Las Vegas Grand Prix,Las Vegas Strip Street Circuit,HUL,Nico Hülkenberg,Haas F1 Team,13,19,0.0,Retired,19,13,0,12.0,14.5,12.0
2023,21,Las Vegas Grand Prix,Las Vegas Strip Street Circuit,RIC,Daniel Ricciardo,AlphaTauri,14,14,0.0,Finished,14,14,0,11.666666666666666,11.333333333333334,13.0
2023,21,Las Vegas Grand Prix,Las Vegas Strip Street Circuit,NOR,Lando Norris,McLaren,15,20,0.0,Retired,20,15,0,3.0,6.166666666666667,14.0
2023,21,Las Vegas Grand Prix,Las Vegas Strip Street Circuit,OCO,Esteban Ocon,Alpine F1 Team,16,4,12.0,Finished,4,16,0,12.666666666666666,10.333333333333334,15.0
2023,21,Las Vegas Grand Prix,Las Vegas Strip Street Circuit,ZHO,Guanyu Zhou,Alfa Romeo,17,15,0.0,Finished,15,17,0,14.666666666666666,14.5,16.0
2023,21,Las Vegas Grand Prix,Las Vegas Strip Street Circuit,PIA,Oscar Piastri,McLaren,18,10,2.0,Finished,10,18,0,13.0,8.0,17.0
2023,21,Las Vegas Grand Prix,Las Vegas Strip Street Circuit,STR,Lance Stroll,Aston Martin,19,5,10.0,Finished,5,19,0,9.666666666666666,11.0,18.0
2023,21,Las Vegas Grand Prix,Las Vegas Strip Street Circuit,TSU,Yuki Tsunoda,AlphaTauri,20,18,0.0,Retired,18,20,0,9.666666666666666,10.666666666666666,19.0
2023,22,Abu Dhabi Grand Prix,Yas Marina Circuit,VER,Max Verstappen,Red Bull,1,1,26.0,Finished,1,1,1,1.0,5.166666666666667,0.0
2023,22,Abu Dhabi Grand Prix,Yas Marina Circuit,LEC,Charles Leclerc,Ferrari,2,2,18.0,Finished,2,2,0,8.333333333333334,6.333333333333333,1.0
2023,22,Abu Dhabi Grand Prix,Yas Marina Circuit,PIA,Oscar Piastri,McLaren,3,6,8.0,Finished,6,3,0,10.666666666666666,11.0,2.0
2023,22,Abu Dhabi Grand Prix,Yas Marina Circuit,RUS,George Russell,Mercedes,4,3,15.0,Finished,3,4,0,9.666666666666666,7.333333333333333,3.0
2023,22,Abu Dhabi Grand Prix,Yas Marina Circuit,NOR,Lando Norris,McLaren,5,5,10.0,Finished,5,5,0,9.0,9.833333333333334,4.0
2023,22,Abu Dhabi Grand Prix,Yas Marina Circuit,TSU,Yuki Tsunoda,AlphaTauri,6,8,4.0,Finished,8,6,0,13.0,11.666666666666666,5.0
2023,22,Abu Dhabi Grand Prix,Yas Marina Circuit,ALO,Fernando Alonso,Aston Martin,7,7,6.0,Finished,7,7,0,10.0,9.833333333333334,6.0
2023,22,Abu Dhabi Grand Prix,Yas Marina Circuit,HUL,Nico Hülkenberg,Haas F1 Team,8,15,0.0,Finished,15,8,0,14.666666666666666,14.333333333333334,7.0
2023,22,Abu Dhabi Grand Prix,Yas Marina Circuit,PER,Sergio Pérez,Red Bull,9,4,12.0,Finished,4,9,0,9.0,5.0,8.0
2023,22,Abu Dhabi Grand Prix,Yas Marina Circuit,GAS,Pierre Gasly,Alpine F1 Team,10,13,0.0,Finished,13,10,0,9.666666666666666,11.166666666666666,9.0
2023,22,Abu Dhabi Grand Prix,Yas Marina Circuit,HAM,Lewis Hamilton,Mercedes,11,9,2.0,Finished,9,11,0,5.666666666666667,7.666666666666667,10.0
2023,22,Abu Dhabi Grand Prix,Yas Marina Circuit,OCO,Esteban Ocon,Alpine F1 Team,12,12,0.0,Finished,12,12,0,8.0,8.833333333333334,11.0
2023,22,Abu Dhabi Grand Prix,Yas Marina Circuit,STR,Lance Stroll,Aston Martin,13,10,1.0,Finished,10,13,0,9.0,9.5,12.0
2023,22,Abu Dhabi Grand Prix,Yas Marina Circuit,ALB,Alexander Albon,Williams,14,14,0.0,Finished,14,14,0,13.333333333333334,12.833333333333334,13.0
2023,22,Abu Dhabi Grand Prix,Yas Marina Circuit,RIC,Daniel Ricciardo,AlphaTauri,15,11,0.0,Finished,11,15,0,11.333333333333334,12.166666666666666,14.0
2023,22,Abu Dhabi Grand Prix,Yas Marina Circuit,SAI,Carlos Sainz,Ferrari,16,18,0.0,Retired,18,16,0,5.333333333333333,6.833333333333333,15.0
2023,22,Abu Dhabi Grand Prix,Yas Marina Circuit,MAG,Kevin Magnussen,Haas F1 Team,17,20,0.0,Lapped,20,17,0,16.666666666666668,15.666666666666666,16.0
2023,22,Abu Dhabi Grand Prix,Yas Marina Circuit,BOT,Valtteri Bottas,Alfa Romeo,18,19,0.0,Lapped,19,18,0,16.0,15.166666666666666,17.0
2023,22,Abu Dhabi Grand Prix,Yas Marina Circuit,ZHO,Guanyu Zhou,Alfa Romeo,19,17,0.0,Finished,17,19,0,15.333333333333334,15.666666666666666,18.0
2023,22,Abu Dhabi Grand Prix,Yas Marina Circuit,SAR,Logan Sargeant,Williams,20,16,0.0,Finished,16,20,0,14.333333333333334,13.833333333333334,19.0
2024,1,Bahrain Grand Prix,Bahrain International Circuit,VER,Max Verstappen,Red Bull,1,1,26.0,Finished,1,1,1,1.0,5.0,0.0
2024,1,Bahrain Grand Prix,Bahrain International Circuit,LEC,Charles Leclerc,Ferrari,2,4,12.0,Finished,4,2,0,8.0,6.666666666666667,1.0
2024,1,Bahrain Grand Prix,Bahrain International Circuit,RUS,George Russell,Mercedes,3,5,10.0,Finished,5,3,0,8.666666666666666,7.833333333333333,2.0
2024,1,Bahrain Grand Prix,Bahrain International Circuit,SAI,Carlos Sainz,Ferrari,4,3,15.0,Finished,3,4,0,10.0,9.0,3.0
2024,1,Bahrain Grand Prix,Bahrain International Circuit,PER,Sergio Pérez,Red Bull,5,2,18.0,Finished,2,5,0,3.6666666666666665,2.3333333333333335,4.0
2024,1,Bahrain Grand Prix,Bahrain International Circuit,ALO,Fernando Alonso,Aston Martin,6,9,2.0,Finished,9,6,0,6.333333333333333,7.666666666666667,5.0
2024,1,Bahrain Grand Prix,Bahrain International Circuit,NOR,Lando Norris,McLaren,7,6,8.0,Finished,6,7,0,9.0,9.5,6.0
2024,1,Bahrain Grand Prix,Bahrain International Circuit,PIA,Oscar Piastri,McLaren,8,8,4.0,Finished,8,8,0,10.0,9.5,7.0
2024,1,Bahrain Grand Prix,Bahrain International Circuit,HAM,Lewis Hamilton,Mercedes,9,7,6.0,Finished,7,9,0,8.0,8.333333333333334,8.0
2024,1,Bahrain Grand Prix,Bahrain International Circuit,HUL,Nico Hülkenberg,Haas F1 Team,10,16,0.0,Lapped,16,10,0,15.333333333333334,16.0,9.0
2024,1,Bahrain Grand Prix,Bahrain International Circuit,TSU,Yuki Tsunoda,RB F1 Team,11,14,0.0,Lapped,14,11,0,11.666666666666666,12.0,10.0
2024,1,Bahrain Grand Prix,Bahrain International Circuit,STR,Lance Stroll,Aston Martin,12,10,1.0,Finished,10,12,0,6.666666666666667,6.5,11.0
2024,1,Bahrain Grand Prix,Bahrain International Circuit,ALB,Alexander Albon,Williams,13,15,0.0,Lapped,15,13,0,15.0,14.666666666666666,12.0
2024,1,Bahrain Grand Prix,Bahrain International Circuit,RIC,Daniel Ricciardo,RB F1 Team,14,13,0.0,Lapped,13,14,0,12.666666666666666,12.0,13.0
2024,1,Bahrain Grand Prix,Bahrain International Circuit,MAG,Kevin Magnussen,Haas F1 Team,15,12,0.0,Lapped,12,15,0,17.0,16.166666666666668,14.0
2024,1,Bahrain Grand Prix,Bahrain International Circuit,BOT,Valtteri Bottas,Sauber,16,19,0.0,Lapped,19,16,0,17.333333333333332,12.0,15.0
2024,1,Bahrain Grand Prix,Bahrain International Circuit,ZHO,Guanyu Zhou,Sauber,17,11,0.0,Lapped,11,17,0,16.333333333333332,12.0,16.0
2024,1,Bahrain Grand Prix,Bahrain International Circuit,SAR,Logan Sargeant,Williams,18,20,0.0,Lapped,20,18,0,14.333333333333334,14.666666666666666,17.0
2024,1,Bahrain Grand Prix,Bahrain International Circuit,OCO,Esteban Ocon,Alpine F1 Team,19,17,0.0,Lapped,17,19,0,8.666666666666666,9.166666666666666,18.0
2024,1,Bahrain Grand Prix,Bahrain International Circuit,GAS,Pierre Gasly,Alpine F1 Team,20,18,0.0,Lapped,18,20,0,10.333333333333334,9.5,19.0
2024,2,Saudi Arabian Grand Prix,Jeddah Corniche Circuit,VER,Max Verstappen,Red Bull,1,1,25.0,Finished,1,1,1,1.0,2.3333333333333335,0.0
2024,2,Saudi Arabian Grand Prix,Jeddah Corniche Circuit,LEC,Charles Leclerc,Ferrari,2,3,16.0,Finished,3,2,0,2.6666666666666665,6.333333333333333,1.0
2024,2,Saudi Arabian Grand Prix,Jeddah Corniche Circuit,PER,Sergio Pérez,Red Bull,3,2,18.0,Finished,2,3,0,3.0,2.0,2.0
2024,2,Saudi Arabian Grand Prix,Jeddah Corniche Circuit,ALO,Fernando Alonso,Aston Martin,4,5,10.0,Finished,5,4,0,8.333333333333334,7.166666666666667,3.0
2024,2,Saudi Arabian Grand Prix,Jeddah Corniche Circuit,PIA,Oscar Piastri,McLaren,5,4,12.0,Finished,4,5,0,8.0,10.166666666666666,4.0
2024,2,Saudi Arabian Grand Prix,Jeddah Corniche Circuit,NOR,Lando Norris,McLaren,6,8,4.0,Finished,8,6,0,10.333333333333334,9.166666666666666,5.0
2024,2,Saudi Arabian Grand Prix,Jeddah Corniche Circuit,RUS,George Russell,Mercedes,7,6,8.0,Finished,6,7,0,5.333333333333333,7.833333333333333,6.0
2024,2,Saudi Arabian Grand Prix,Jeddah Corniche Circuit,HAM,Lewis Hamilton,Mercedes,8,9,2.0,Finished,9,8,0,7.666666666666667,6.5,7.0
2024,2,Saudi Arabian Grand Prix,Jeddah Corniche Circuit,TSU,Yuki Tsunoda,RB F1 Team,9,15,0.0,Lapped,15,9,0,13.333333333333334,14.0,8.0
2024,2,Saudi Arabian Grand Prix,Jeddah Corniche Circuit,STR,Lance Stroll,Aston Martin,10,19,0.0,Retired,19,10,0,8.333333333333334,8.333333333333334,9.0
2024,2,Saudi Arabian Grand Prix,Jeddah Corniche Circuit,BEA,Oliver Bearman,Ferrari,11,7,6.0,Finished,7,11,0,12.0,5.833333333333333,10.0
2024,2,Saudi Arabian Grand Prix,Jeddah Corniche Circuit,ALB,Alexander Albon,Williams,12,11,0.0,Finished,11,12,0,13.666666666666666,14.0,11.0
2024,2,Saudi Arabian Grand Prix,Jeddah Corniche Circuit,MAG,Kevin Magnussen,Haas F1 Team,13,12,0.0,Finished,12,13,0,15.0,16.833333333333332,12.0
2024,2,Saudi Arabian Grand Prix,Jeddah Corniche Circuit,RIC,Daniel Ricciardo,RB F1 Team,14,16,0.0,Lapped,16,14,0,12.666666666666666,13.5,13.0
2024,2,Saudi Arabian Grand Prix,Jeddah Corniche Circuit,HUL,Nico Hülkenberg,Haas F1 Team,15,10,1.0,Finished,10,15,0,16.666666666666668,15.833333333333334,14.0
2024,2,Saudi Arabian Grand Prix,Jeddah Corniche Circuit,BOT,Valtteri Bottas,Sauber,16,17,0.0,Lapped,17,16,0,18.333333333333332,19.0,15.0
2024,2,Saudi Arabian Grand Prix,Jeddah Corniche Circuit,OCO,Esteban Ocon,Alpine F1 Team,17,13,0.0,Lapped,13,17,0,11.0,10.666666666666666,16.0
2024,2,Saudi Arabian Grand Prix,Jeddah Corniche Circuit,GAS,Pierre Gasly,Alpine F1 Team,18,20,0.0,Retired,20,18,0,14.0,12.5,17.0
2024,2,Saudi Arabian Grand Prix,Jeddah Corniche Circuit,SAR,Logan Sargeant,Williams,19,14,0.0,Lapped,14,19,0,17.333333333333332,15.5,18.0
2024,2,Saudi Arabian Grand Prix,Jeddah Corniche Circuit,ZHO,Guanyu Zhou,Sauber,20,18,0.0,Lapped,18,20,0,14.333333333333334,15.0,19.0
2024,3,Australian Grand Prix,Albert Park Grand Prix Circuit,VER,Max Verstappen,Red Bull,1,19,0.0,Retired,19,1,0,1.0,2.0,0.0
2024,3,Australian Grand Prix,Albert Park Grand Prix Circuit,SAI,Carlos Sainz,Ferrari,2,1,25.0,Finished,1,2,1,9.0,6.0,1.0
2024,3,Australian Grand Prix,Albert Park Grand Prix Circuit,NOR,Lando Norris,McLaren,3,3,15.0,Finished,3,3,0,6.333333333333333,6.5,2.0
2024,3,Australian Grand Prix,Albert Park Grand Prix Circuit,LEC,Charles Leclerc,Ferrari,4,2,19.0,Finished,2,4,0,3.0,6.166666666666667,3.0
2024,3,Australian Grand Prix,Albert Park Grand Prix Circuit,PIA,Oscar Piastri,McLaren,5,4,12.0,Finished,4,5,0,6.0,6.166666666666667,4.0
2024,3,Australian Grand Prix,Albert Park Grand Prix Circuit,PER,Sergio Pérez,Red Bull,6,5,10.0,Finished,5,6,0,2.6666666666666665,1.8333333333333333,5.0
2024,3,Australian Grand Prix,Albert Park Grand Prix Circuit,RUS,George Russell,Mercedes,7,17,0.0,Retired,17,7,0,4.666666666666667,6.166666666666667,6.0
2024,3,Australian Grand Prix,Albert Park Grand Prix Circuit,TSU,Yuki Tsunoda,RB F1 Team,8,7,6.0,Finished,7,8,0,12.333333333333334,14.0,7.0
2024,3,Australian Grand Prix,Albert Park Grand Prix Circuit,STR,Lance Stroll,Aston Martin,9,6,8.0,Finished,6,9,0,13.0,7.666666666666667,8.0
2024,3,Australian Grand Prix,Albert Park Grand Prix Circuit,ALO,Fernando Alonso,Aston Martin,10,8,4.0,Finished,8,10,0,7.0,10.0,9.0
2024,3,Australian Grand Prix,Albert Park Grand Prix Circuit,HAM,Lewis Hamilton,Mercedes,11,18,0.0,Retired,18,11,0,8.333333333333334,6.5,10.0
2024,3,Australian Grand Prix,Albert Park Grand Prix Circuit,ALB,Alexander Albon,Williams,12,11,0.0,Lapped,11,12,0,13.333333333333334,15.333333333333334,11.0
2024,3,Australian Grand Prix,Albert Park Grand Prix Circuit,BOT,Valtteri Bottas,Sauber,13,14,0.0,Lapped,14,13,0,18.333333333333332,15.666666666666666,12.0
2024,3,Australian Grand Prix,Albert Park Grand Prix Circuit,MAG,Kevin Magnussen,Haas F1 Team,14,10,1.0,Lapped,10,14,0,14.666666666666666,15.666666666666666,13.0
2024,3,Australian Grand Prix,Albert Park Grand Prix Circuit,OCO,Esteban Ocon,Alpine F1 Team,15,16,0.0,Lapped,16,15,0,14.0,12.833333333333334,14.0
2024,3,Australian Grand Prix,Albert Park Grand Prix Circuit,HUL,Nico Hülkenberg,Haas F1 Team,16,9,2.0,Finished,9,16,0,13.666666666666666,14.166666666666666,15.0
2024,3,Australian Grand Prix,Albert Park Grand Prix Circuit,GAS,Pierre Gasly,Alpine F1 Team,17,13,0.0,Lapped,13,17,0,17.0,15.5,16.0
2024,3,Australian Grand Prix,Albert Park Grand Prix Circuit,RIC,Daniel Ricciardo,RB F1 Team,18,12,0.0,Lapped,12,18,0,13.333333333333334,14.5,17.0
2024,3,Australian Grand Prix,Albert Park Grand Prix Circuit,ZHO,Guanyu Zhou,Sauber,19,15,0.0,Lapped,15,19,0,15.333333333333334,16.25,18.0
2024,4,Japanese Grand Prix,Suzuka Circuit,VER,Max Verstappen,Red Bull,1,1,26.0,Finished,1,1,1,7.0,4.833333333333333,0.0
2024,4,Japanese Grand Prix,Suzuka Circuit,PER,Sergio Pérez,Red Bull,2,2,18.0,Finished,2,2,0,3.0,5.0,1.0
2024,4,Japanese Grand Prix,Suzuka Circuit,NOR,Lando Norris,McLaren,3,5,10.0,Finished,5,3,0,5.666666666666667,5.666666666666667,2.0
2024,4,Japanese Grand Prix,Suzuka Circuit,SAI,Carlos Sainz,Ferrari,4,3,15.0,Finished,3,4,0,7.333333333333333,6.0,3.0
2024,4,Japanese Grand Prix,Suzuka Circuit,ALO,Fernando Alonso,Aston Martin,5,6,8.0,Finished,6,5,0,7.333333333333333,9.833333333333334,4.0
2024,4,Japanese Grand Prix,Suzuka Circuit,PIA,Oscar Piastri,McLaren,6,8,4.0,Finished,8,6,0,5.333333333333333,5.5,5.0
2024,4,Japanese Grand Prix,Suzuka Circuit,HAM,Lewis Hamilton,Mercedes,7,9,2.0,Finished,9,7,0,11.333333333333334,8.833333333333334,6.0
2024,4,Japanese Grand Prix,Suzuka Circuit,LEC,Charles Leclerc,Ferrari,8,4,12.0,Finished,4,8,0,3.0,3.3333333333333335,7.0
2024,4,Japanese Grand Prix,Suzuka Circuit,RUS,George Russell,Mercedes,9,7,6.0,Finished,7,9,0,9.333333333333334,10.333333333333334,8.0
2024,4,Japanese Grand Prix,Suzuka Circuit,TSU,Yuki Tsunoda,RB F1 Team,10,10,1.0,Lapped,10,10,0,12.0,13.0,9.0
2024,4,Japanese Grand Prix,Suzuka Circuit,RIC,Daniel Ricciardo,RB F1 Team,11,19,0.0,Retired,19,11,0,13.666666666666666,12.833333333333334,10.0
2024,4,Japanese Grand Prix,Suzuka Circuit,HUL,Nico Hülkenberg,Haas F1 Team,12,11,0.0,Lapped,11,12,0,11.666666666666666,13.333333333333334,11.0
2024,4,Japanese Grand Prix,Suzuka Circuit,BOT,Valtteri Bottas,Sauber,13,14,0.0,Lapped,14,13,0,16.666666666666668,15.8,12.0
2024,4,Japanese Grand Prix,Suzuka Circuit,ALB,Alexander Albon,Williams,14,20,0.0,Retired,20,14,0,12.333333333333334,15.0,13.0
2024,4,Japanese Grand Prix,Suzuka Circuit,OCO,Esteban Ocon,Alpine F1 Team,15,15,0.0,Lapped,15,15,0,15.333333333333334,16.0,14.0
2024,4,Japanese Grand Prix,Suzuka Circuit,STR,Lance Stroll,Aston Martin,16,12,0.0,Lapped,12,16,0,11.666666666666666,9.5,15.0
2024,4,Japanese Grand Prix,Suzuka Circuit,GAS,Pierre Gasly,Alpine F1 Team,17,16,0.0,Lapped,16,17,0,17.0,16.166666666666668,16.0
2024,4,Japanese Grand Prix,Suzuka Circuit,MAG,Kevin Magnussen,Haas F1 Team,18,13,0.0,Lapped,13,18,0,11.333333333333334,11.5,17.0
2024,4,Japanese Grand Prix,Suzuka Circuit,SAR,Logan Sargeant,Williams,19,17,0.0,Lapped,17,19,0,16.666666666666668,14.5,18.0
2024,4,Japanese Grand Prix,Suzuka Circuit,ZHO,Guanyu Zhou,Sauber,20,18,0.0,Retired,18,20,0,14.666666666666666,15.666666666666666,19.0
2024,5,Chinese Grand Prix,Shanghai International Circuit,VER,Max Verstappen,Red Bull,1,1,25.0,Finished,1,1,1,7.0,5.0,0.0
2024,5,Chinese Grand Prix,Shanghai International Circuit,PER,Sergio Pérez,Red Bull,2,3,15.0,Finished,3,2,0,3.0,5.0,1.0
2024,5,Chinese Grand Prix,Shanghai International Circuit,ALO,Fernando Alonso,Aston Martin,3,7,7.0,Finished,7,3,0,6.333333333333333,9.0,2.0
2024,5,Chinese Grand Prix,Shanghai International Circuit,NOR,Lando Norris,McLaren,4,2,18.0,Finished,2,4,0,5.333333333333333,5.333333333333333,3.0
2024,5,Chinese Grand Prix,Shanghai International Circuit,PIA,Oscar Piastri,McLaren,5,8,4.0,Finished,8,5,0,5.333333333333333,5.333333333333333,4.0
2024,5,Chinese Grand Prix,Shanghai International Circuit,LEC,Charles Leclerc,Ferrari,6,4,12.0,Finished,4,6,0,3.0,3.1666666666666665,5.0
2024,5,Chinese Grand Prix,Shanghai International Circuit,SAI,Carlos Sainz,Ferrari,7,5,10.0,Finished,5,7,0,2.3333333333333335,3.3333333333333335,6.0
2024,5,Chinese Grand Prix,Shanghai International Circuit,RUS,George Russell,Mercedes,8,6,8.0,Finished,6,8,0,10.0,11.0,7.0
2024,5,Chinese Grand Prix,Shanghai International Circuit,HUL,Nico Hülkenberg,Haas F1 Team,9,10,1.0,Finished,10,9,0,10.0,10.666666666666666,8.0
2024,5,Chinese Grand Prix,Shanghai International Circuit,BOT,Valtteri Bottas,Sauber,10,20,0.0,Retired,20,10,0,15.0,14.833333333333334,9.0
2024,5,Chinese Grand Prix,Shanghai International Circuit,STR,Lance Stroll,Aston Martin,11,15,0.0,Finished,15,11,0,12.333333333333334,9.333333333333334,10.0
2024,5,Chinese Grand Prix,Shanghai International Circuit,RIC,Daniel Ricciardo,RB F1 Team,12,18,0.0,Retired,18,12,0,15.666666666666666,12.166666666666666,11.0
2024,5,Chinese Grand Prix,Shanghai International Circuit,OCO,Esteban Ocon,Alpine F1 Team,13,11,0.0,Finished,11,13,0,14.666666666666666,15.833333333333334,12.0
2024,5,Chinese Grand Prix,Shanghai International Circuit,ALB,Alexander Albon,Williams,14,12,0.0,Finished,12,14,0,14.0,15.166666666666666,13.0
2024,5,Chinese Grand Prix,Shanghai International Circuit,GAS,Pierre Gasly,Alpine F1 Team,15,13,0.0,Finished,13,15,0,16.333333333333332,15.5,14.0
2024,5,Chinese Grand Prix,Shanghai International Circuit,ZHO,Guanyu Zhou,Sauber,16,14,0.0,Finished,14,16,0,17.0,16.0,15.0
2024,5,Chinese Grand Prix,Shanghai International Circuit,MAG,Kevin Magnussen,Haas F1 Team,17,16,0.0,Finished,16,17,0,11.666666666666666,10.833333333333334,16.0
2024,5,Chinese Grand Prix,Shanghai International Circuit,HAM,Lewis Hamilton,Mercedes,18,9,2.0,Finished,9,18,0,12.0,11.0,17.0
2024,5,Chinese Grand Prix,Shanghai International Circuit,TSU,Yuki Tsunoda,RB F1 Team,19,19,0.0,Retired,19,19,0,10.666666666666666,13.166666666666666,18.0
2024,5,Chinese Grand Prix,Shanghai International Circuit,SAR,Logan Sargeant,Williams,20,17,0.0,Finished,17,20,0,17.0,15.5,19.0
2024,6,Miami Grand Prix,Miami International Autodrome,VER,Max Verstappen,Red Bull,1,2,18.0,Finished,2,1,0,7.0,5.0,0.0
2024,6,Miami Grand Prix,Miami International Autodrome,LEC,Charles Leclerc,Ferrari,2,3,15.0,Finished,3,2,0,3.3333333333333335,3.5,1.0
2024,6,Miami Grand Prix,Miami International Autodrome,SAI,Carlos Sainz,Ferrari,3,5,10.0,Finished,5,3,0,3.0,3.1666666666666665,2.0
2024,6,Miami Grand Prix,Miami International Autodrome,PER,Sergio Pérez,Red Bull,4,4,12.0,Finished,4,4,0,3.3333333333333335,5.166666666666667,3.0
2024,6,Miami Grand Prix,Miami International Autodrome,NOR,Lando Norris,McLaren,5,1,25.0,Finished,1,5,1,3.3333333333333335,5.0,4.0
2024,6,Miami Grand Prix,Miami International Autodrome,PIA,Oscar Piastri,McLaren,6,13,0.0,Finished,13,6,0,6.666666666666667,5.0,5.0
2024,6,Miami Grand Prix,Miami International Autodrome,RUS,George Russell,Mercedes,7,8,4.0,Finished,8,7,0,10.0,11.0,6.0
2024,6,Miami Grand Prix,Miami International Autodrome,HAM,Lewis Hamilton,Mercedes,8,6,8.0,Finished,6,8,0,12.0,11.0,7.0
2024,6,Miami Grand Prix,Miami International Autodrome,HUL,Nico Hülkenberg,Haas F1 Team,9,11,0.0,Finished,11,9,0,10.0,10.5,8.0
2024,6,Miami Grand Prix,Miami International Autodrome,TSU,Yuki Tsunoda,RB F1 Team,10,7,6.0,Finished,7,10,0,12.0,13.666666666666666,9.0
2024,6,Miami Grand Prix,Miami International Autodrome,STR,Lance Stroll,Aston Martin,11,17,0.0,Finished,17,11,0,11.0,9.666666666666666,10.0
2024,6,Miami Grand Prix,Miami International Autodrome,GAS,Pierre Gasly,Alpine F1 Team,12,12,0.0,Finished,12,12,0,14.0,15.166666666666666,11.0
2024,6,Miami Grand Prix,Miami International Autodrome,OCO,Esteban Ocon,Alpine F1 Team,13,10,1.0,Finished,10,13,0,14.0,14.0,12.0
2024,6,Miami Grand Prix,Miami International Autodrome,ALB,Alexander Albon,Williams,14,18,0.0,Finished,18,14,0,14.333333333333334,14.166666666666666,13.0
2024,6,Miami Grand Prix,Miami International Autodrome,ALO,Fernando Alonso,Aston Martin,15,9,2.0,Finished,9,15,0,7.0,9.0,14.0
2024,6,Miami Grand Prix,Miami International Autodrome,BOT,Valtteri Bottas,Sauber,16,16,0.0,Finished,16,16,0,16.0,16.5,15.0
2024,6,Miami Grand Prix,Miami International Autodrome,SAR,Logan Sargeant,Williams,17,20,0.0,Retired,20,17,0,16.0,15.166666666666666,16.0
2024,6,Miami Grand Prix,Miami International Autodrome,MAG,Kevin Magnussen,Haas F1 Team,18,19,0.0,Finished,19,18,0,13.0,11.5,17.0
2024,6,Miami Grand Prix,Miami International Autodrome,ZHO,Guanyu Zhou,Sauber,19,14,0.0,Finished,14,19,0,15.666666666666666,15.833333333333334,18.0
2024,6,Miami Grand Prix,Miami International Autodrome,RIC,Daniel Ricciardo,RB F1 Team,20,15,0.0,Finished,15,20,0,16.333333333333332,14.166666666666666,19.0
2024,7,Emilia Romagna Grand Prix,Autodromo Enzo e Dino Ferrari,VER,Max Verstappen,Red Bull,1,1,25.0,Finished,1,1,1,1.3333333333333333,2.3333333333333335,0.0
2024,7,Emilia Romagna Grand Prix,Autodromo Enzo e Dino Ferrari,NOR,Lando Norris,McLaren,2,2,18.0,Finished,2,2,0,2.6666666666666665,4.666666666666667,1.0
2024,7,Emilia Romagna Grand Prix,Autodromo Enzo e Dino Ferrari,LEC,Charles Leclerc,Ferrari,3,3,15.0,Finished,3,3,0,3.6666666666666665,3.5,2.0
2024,7,Emilia Romagna Grand Prix,Autodromo Enzo e Dino Ferrari,SAI,Carlos Sainz,Ferrari,4,5,10.0,Finished,5,4,0,4.333333333333333,4.0,3.0
2024,7,Emilia Romagna Grand Prix,Autodromo Enzo e Dino Ferrari,PIA,Oscar Piastri,McLaren,5,4,12.0,Finished,4,5,0,9.666666666666666,6.166666666666667,4.0
2024,7,Emilia Romagna Grand Prix,Autodromo Enzo e Dino Ferrari,RUS,George Russell,Mercedes,6,7,7.0,Finished,7,6,0,7.0,9.5,5.0
2024,7,Emilia Romagna Grand Prix,Autodromo Enzo e Dino Ferrari,TSU,Yuki Tsunoda,RB F1 Team,7,10,1.0,Lapped,10,7,0,12.0,14.166666666666666,6.0
2024,7,Emilia Romagna Grand Prix,Autodromo Enzo e Dino Ferrari,HAM,Lewis Hamilton,Mercedes,8,6,8.0,Finished,6,8,0,8.0,7.5,7.0
2024,7,Emilia Romagna Grand Prix,Autodromo Enzo e Dino Ferrari,RIC,Daniel Ricciardo,RB F1 Team,9,13,0.0,Lapped,13,9,0,17.333333333333332,14.666666666666666,8.0
2024,7,Emilia Romagna Grand Prix,Autodromo Enzo e Dino Ferrari,HUL,Nico Hülkenberg,Haas F1 Team,10,11,0.0,Lapped,11,10,0,10.666666666666666,11.666666666666666,9.0
2024,7,Emilia Romagna Grand Prix,Autodromo Enzo e Dino Ferrari,PER,Sergio Pérez,Red Bull,11,8,4.0,Finished,8,11,0,3.0,2.1666666666666665,10.0
2024,7,Emilia Romagna Grand Prix,Autodromo Enzo e Dino Ferrari,OCO,Esteban Ocon,Alpine F1 Team,12,14,0.0,Lapped,14,12,0,12.0,13.333333333333334,11.0
2024,7,Emilia Romagna Grand Prix,Autodromo Enzo e Dino Ferrari,STR,Lance Stroll,Aston Martin,13,9,2.0,Finished,9,13,0,14.666666666666666,10.833333333333334,12.0
2024,7,Emilia Romagna Grand Prix,Autodromo Enzo e Dino Ferrari,ALB,Alexander Albon,Williams,14,20,0.0,Retired,20,14,0,16.666666666666668,15.833333333333334,13.0
2024,7,Emilia Romagna Grand Prix,Autodromo Enzo e Dino Ferrari,GAS,Pierre Gasly,Alpine F1 Team,15,16,0.0,Lapped,16,15,0,13.666666666666666,12.833333333333334,14.0
2024,7,Emilia Romagna Grand Prix,Autodromo Enzo e Dino Ferrari,BOT,Valtteri Bottas,Sauber,16,18,0.0,Lapped,18,16,0,16.666666666666668,16.166666666666668,15.0
2024,7,Emilia Romagna Grand Prix,Autodromo Enzo e Dino Ferrari,ZHO,Guanyu Zhou,Sauber,17,15,0.0,Lapped,15,17,0,15.333333333333334,16.0,16.0
2024,7,Emilia Romagna Grand Prix,Autodromo Enzo e Dino Ferrari,MAG,Kevin Magnussen,Haas F1 Team,18,12,0.0,Lapped,12,18,0,16.0,13.333333333333334,17.0
2024,7,Emilia Romagna Grand Prix,Autodromo Enzo e Dino Ferrari,SAR,Logan Sargeant,Williams,19,17,0.0,Lapped,17,19,0,18.0,17.333333333333332,18.0
2024,7,Emilia Romagna Grand Prix,Autodromo Enzo e Dino Ferrari,ALO,Fernando Alonso,Aston Martin,20,19,0.0,Lapped,19,20,0,7.333333333333333,11.0,19.0
2024,8,Monaco Grand Prix,Circuit de Monaco,LEC,Charles Leclerc,Ferrari,1,1,25.0,Finished,1,1,1,3.3333333333333335,4.0,0.0
2024,8,Monaco Grand Prix,Circuit de Monaco,PIA,Oscar Piastri,McLaren,2,2,18.0,Finished,2,2,0,8.333333333333334,5.666666666666667,1.0
2024,8,Monaco Grand Prix,Circuit de Monaco,SAI,Carlos Sainz,Ferrari,3,3,15.0,Finished,3,3,0,5.0,4.166666666666667,2.0
2024,8,Monaco Grand Prix,Circuit de Monaco,NOR,Lando Norris,McLaren,4,4,12.0,Finished,4,4,0,1.6666666666666667,5.0,3.0
2024,8,Monaco Grand Prix,Circuit de Monaco,RUS,George Russell,Mercedes,5,5,10.0,Finished,5,5,0,7.0,7.166666666666667,4.0
2024,8,Monaco Grand Prix,Circuit de Monaco,VER,Max Verstappen,Red Bull,6,6,8.0,Finished,6,6,0,1.3333333333333333,2.1666666666666665,5.0
2024,8,Monaco Grand Prix,Circuit de Monaco,HAM,Lewis Hamilton,Mercedes,7,7,7.0,Finished,7,7,0,7.0,7.0,6.0
2024,8,Monaco Grand Prix,Circuit de Monaco,TSU,Yuki Tsunoda,RB F1 Team,8,8,4.0,Lapped,8,8,0,12.0,14.666666666666666,7.0
2024,8,Monaco Grand Prix,Circuit de Monaco,ALB,Alexander Albon,Williams,9,9,2.0,Lapped,9,9,0,16.666666666666668,17.333333333333332,8.0
2024,8,Monaco Grand Prix,Circuit de Monaco,GAS,Pierre Gasly,Alpine F1 Team,10,10,1.0,Lapped,10,10,0,13.666666666666666,12.666666666666666,9.0
2024,8,Monaco Grand Prix,Circuit de Monaco,OCO,Esteban Ocon,Alpine F1 Team,11,17,0.0,Retired,17,11,0,11.666666666666666,12.666666666666666,10.0
2024,8,Monaco Grand Prix,Circuit de Monaco,RIC,Daniel Ricciardo,RB F1 Team,12,12,0.0,Lapped,12,12,0,15.333333333333334,13.666666666666666,11.0
2024,8,Monaco Grand Prix,Circuit de Monaco,STR,Lance Stroll,Aston Martin,13,14,0.0,Lapped,14,13,0,13.666666666666666,11.5,12.0
2024,8,Monaco Grand Prix,Circuit de Monaco,ALO,Fernando Alonso,Aston Martin,14,11,0.0,Lapped,11,14,0,11.666666666666666,12.666666666666666,13.0
2024,8,Monaco Grand Prix,Circuit de Monaco,SAR,Logan Sargeant,Williams,15,15,0.0,Lapped,15,15,0,18.0,17.333333333333332,14.0
2024,8,Monaco Grand Prix,Circuit de Monaco,PER,Sergio Pérez,Red Bull,16,18,0.0,Retired,18,16,0,5.0,3.1666666666666665,15.0
2024,8,Monaco Grand Prix,Circuit de Monaco,BOT,Valtteri Bottas,Sauber,17,13,0.0,Lapped,13,17,0,18.0,16.666666666666668,16.0
2024,8,Monaco Grand Prix,Circuit de Monaco,ZHO,Guanyu Zhou,Sauber,18,16,0.0,Lapped,16,18,0,14.333333333333334,16.166666666666668,17.0
2024,8,Monaco Grand Prix,Circuit de Monaco,HUL,Nico Hülkenberg,Haas F1 Team,19,19,0.0,Retired,19,19,0,10.666666666666666,13.333333333333334,18.0
2024,8,Monaco Grand Prix,Circuit de Monaco,MAG,Kevin Magnussen,Haas F1 Team,20,20,0.0,Retired,20,20,0,15.666666666666666,13.166666666666666,19.0
2024,9,Canadian Grand Prix,Circuit Gilles Villeneuve,RUS,George Russell,Mercedes,1,3,15.0,Finished,3,1,0,6.666666666666667,6.833333333333333,0.0
2024,9,Canadian Grand Prix,Circuit Gilles Villeneuve,VER,Max Verstappen,Red Bull,2,1,25.0,Finished,1,2,1,3.0,4.0,1.0
2024,9,Canadian Grand Prix,Circuit Gilles Villeneuve,NOR,Lando Norris,McLaren,3,2,18.0,Finished,2,3,0,2.3333333333333335,5.0,2.0
2024,9,Canadian Grand Prix,Circuit Gilles Villeneuve,PIA,Oscar Piastri,McLaren,4,5,10.0,Finished,5,4,0,6.333333333333333,4.333333333333333,3.0
2024,9,Canadian Grand Prix,Circuit Gilles Villeneuve,RIC,Daniel Ricciardo,RB F1 Team,5,8,4.0,Finished,8,5,0,13.333333333333334,12.0,4.0
2024,9,Canadian Grand Prix,Circuit Gilles Villeneuve,ALO,Fernando Alonso,Aston Martin,6,6,8.0,Finished,6,6,0,13.0,13.833333333333334,5.0
2024,9,Canadian Grand Prix,Circuit Gilles Villeneuve,HAM,Lewis Hamilton,Mercedes,7,4,13.0,Finished,4,7,0,6.333333333333333,6.5,6.0
2024,9,Canadian Grand Prix,Circuit Gilles Villeneuve,TSU,Yuki Tsunoda,RB F1 Team,8,14,0.0,Finished,14,8,0,8.333333333333334,10.833333333333334,7.0
2024,9,Canadian Grand Prix,Circuit Gilles Villeneuve,STR,Lance Stroll,Aston Martin,9,7,6.0,Finished,7,9,0,13.333333333333334,13.166666666666666,8.0
2024,9,Canadian Grand Prix,Circuit Gilles Villeneuve,ALB,Alexander Albon,Williams,10,17,0.0,Retired,17,10,0,15.666666666666666,16.833333333333332,9.0
2024,9,Canadian Grand Prix,Circuit Gilles Villeneuve,LEC,Charles Leclerc,Ferrari,11,19,0.0,Retired,19,11,0,2.3333333333333335,3.6666666666666665,10.0
2024,9,Canadian Grand Prix,Circuit Gilles Villeneuve,SAI,Carlos Sainz,Ferrari,12,16,0.0,Retired,16,12,0,4.333333333333333,3.3333333333333335,11.0
2024,9,Canadian Grand Prix,Circuit Gilles Villeneuve,SAR,Logan Sargeant,Williams,13,20,0.0,Retired,20,13,0,17.333333333333332,16.5,12.0
2024,9,Canadian Grand Prix,Circuit Gilles Villeneuve,MAG,Kevin Magnussen,Haas F1 Team,14,12,0.0,Finished,12,14,0,17.0,14.666666666666666,13.0
2024,9,Canadian Grand Prix,Circuit Gilles Villeneuve,GAS,Pierre Gasly,Alpine F1 Team,15,9,2.0,Finished,9,15,0,12.666666666666666,12.5,14.0
2024,9,Canadian Grand Prix,Circuit Gilles Villeneuve,PER,Sergio Pérez,Red Bull,16,18,0.0,Retired,18,16,0,10.0,6.5,15.0
2024,9,Canadian Grand Prix,Circuit Gilles Villeneuve,HUL,Nico Hülkenberg,Haas F1 Team,17,11,0.0,Finished,11,17,0,13.666666666666666,15.333333333333334,16.0
2024,9,Canadian Grand Prix,Circuit Gilles Villeneuve,OCO,Esteban Ocon,Alpine F1 Team,18,10,1.0,Finished,10,18,0,13.666666666666666,13.166666666666666,17.0
2024,9,Canadian Grand Prix,Circuit Gilles Villeneuve,BOT,Valtteri Bottas,Sauber,19,13,0.0,Finished,13,19,0,15.666666666666666,15.0,18.0
2024,9,Canadian Grand Prix,Circuit Gilles Villeneuve,ZHO,Guanyu Zhou,Sauber,20,15,0.0,Lapped,15,20,0,15.0,15.333333333333334,19.0
2024,10,Spanish Grand Prix,Circuit de Barcelona-Catalunya,NOR,Lando Norris,McLaren,1,2,19.0,Finished,2,1,0,2.6666666666666665,4.5,0.0
2024,10,Spanish Grand Prix,Circuit de Barcelona-Catalunya,VER,Max Verstappen,Red Bull,2,1,25.0,Finished,1,2,1,2.6666666666666665,6.333333333333333,1.0
2024,10,Spanish Grand Prix,Circuit de Barcelona-Catalunya,HAM,Lewis Hamilton,Mercedes,3,3,15.0,Finished,3,3,0,5.666666666666667,5.666666666666667,2.0
2024,10,Spanish Grand Prix,Circuit de Barcelona-Catalunya,RUS,George Russell,Mercedes,4,4,12.0,Finished,4,4,0,5.0,5.333333333333333,3.0
2024,10,Spanish Grand Prix,Circuit de Barcelona-Catalunya,LEC,Charles Leclerc,Ferrari,5,5,10.0,Finished,5,5,0,7.666666666666667,6.0,4.0
2024,10,Spanish Grand Prix,Circuit de Barcelona-Catalunya,SAI,Carlos Sainz,Ferrari,6,6,8.0,Finished,6,6,0,8.0,7.833333333333333,5.0
2024,10,Spanish Grand Prix,Circuit de Barcelona-Catalunya,GAS,Pierre Gasly,Alpine F1 Team,7,9,2.0,Finished,9,7,0,11.666666666666666,12.666666666666666,6.0
2024,10,Spanish Grand Prix,Circuit de Barcelona-Catalunya,OCO,Esteban Ocon,Alpine F1 Team,8,10,1.0,Finished,10,8,0,13.666666666666666,12.666666666666666,7.0
2024,10,Spanish Grand Prix,Circuit de Barcelona-Catalunya,PIA,Oscar Piastri,McLaren,9,7,6.0,Finished,7,9,0,3.6666666666666665,3.1666666666666665,8.0
2024,10,Spanish Grand Prix,Circuit de Barcelona-Catalunya,ALO,Fernando Alonso,Aston Martin,10,12,0.0,Lapped,12,10,0,12.0,11.333333333333334,9.0
2024,10,Spanish Grand Prix,Circuit de Barcelona-Catalunya,PER,Sergio Pérez,Red Bull,11,8,4.0,Finished,8,11,0,14.666666666666666,8.666666666666666,10.0
2024,10,Spanish Grand Prix,Circuit de Barcelona-Catalunya,BOT,Valtteri Bottas,Sauber,12,16,0.0,Lapped,16,12,0,14.666666666666666,14.833333333333334,11.0
2024,10,Spanish Grand Prix,Circuit de Barcelona-Catalunya,HUL,Nico Hülkenberg,Haas F1 Team,13,11,0.0,Finished,11,13,0,13.666666666666666,15.5,12.0
2024,10,Spanish Grand Prix,Circuit de Barcelona-Catalunya,STR,Lance Stroll,Aston Martin,14,14,0.0,Lapped,14,14,0,10.0,11.0,13.0
2024,10,Spanish Grand Prix,Circuit de Barcelona-Catalunya,ZHO,Guanyu Zhou,Sauber,15,13,0.0,Lapped,13,15,0,15.333333333333334,15.0,14.0
2024,10,Spanish Grand Prix,Circuit de Barcelona-Catalunya,MAG,Kevin Magnussen,Haas F1 Team,16,17,0.0,Lapped,17,16,0,14.666666666666666,14.166666666666666,15.0
2024,10,Spanish Grand Prix,Circuit de Barcelona-Catalunya,TSU,Yuki Tsunoda,RB F1 Team,17,19,0.0,Lapped,19,17,0,10.666666666666666,11.0,16.0
2024,10,Spanish Grand Prix,Circuit de Barcelona-Catalunya,RIC,Daniel Ricciardo,RB F1 Team,18,15,0.0,Lapped,15,18,0,11.0,10.833333333333334,17.0
2024,10,Spanish Grand Prix,Circuit de Barcelona-Catalunya,SAR,Logan Sargeant,Williams,19,20,0.0,Lapped,20,19,0,17.333333333333332,16.333333333333332,18.0
2024,10,Spanish Grand Prix,Circuit de Barcelona-Catalunya,ALB,Alexander Albon,Williams,20,18,0.0,Lapped,18,20,0,15.333333333333334,16.333333333333332,19.0
2024,11,Austrian Grand Prix,Red Bull Ring,VER,Max Verstappen,Red Bull,1,5,10.0,Finished,5,1,0,2.6666666666666665,8.666666666666666,0.0
2024,11,Austrian Grand Prix,Red Bull Ring,NOR,Lando Norris,McLaren,2,20,0.0,Lapped,20,2,0,2.6666666666666665,3.1666666666666665,1.0
2024,11,Austrian Grand Prix,Red Bull Ring,RUS,George Russell,Mercedes,3,1,25.0,Finished,1,3,1,4.0,4.666666666666667,2.0
2024,11,Austrian Grand Prix,Red Bull Ring,SAI,Carlos Sainz,Ferrari,4,3,15.0,Finished,3,4,0,8.333333333333334,8.166666666666666,3.0
2024,11,Austrian Grand Prix,Red Bull Ring,HAM,Lewis Hamilton,Mercedes,5,4,12.0,Finished,4,5,0,4.666666666666667,4.333333333333333,4.0
2024,11,Austrian Grand Prix,Red Bull Ring,LEC,Charles Leclerc,Ferrari,6,11,0.0,Finished,11,6,0,8.333333333333334,8.333333333333334,5.0
2024,11,Austrian Grand Prix,Red Bull Ring,PIA,Oscar Piastri,McLaren,7,2,18.0,Finished,2,7,0,4.666666666666667,3.6666666666666665,6.0
2024,11,Austrian Grand Prix,Red Bull Ring,PER,Sergio Pérez,Red Bull,8,7,6.0,Finished,7,8,0,14.666666666666666,8.666666666666666,7.0
2024,11,Austrian Grand Prix,Red Bull Ring,HUL,Nico Hülkenberg,Haas F1 Team,9,6,8.0,Finished,6,9,0,13.666666666666666,14.166666666666666,8.0
2024,11,Austrian Grand Prix,Red Bull Ring,OCO,Esteban Ocon,Alpine F1 Team,10,12,0.0,Finished,12,10,0,12.333333333333334,11.833333333333334,9.0
2024,11,Austrian Grand Prix,Red Bull Ring,RIC,Daniel Ricciardo,RB F1 Team,11,9,2.0,Finished,9,11,0,11.666666666666666,12.333333333333334,10.0
2024,11,Austrian Grand Prix,Red Bull Ring,MAG,Kevin Magnussen,Haas F1 Team,12,8,4.0,Finished,8,12,0,16.333333333333332,15.0,11.0
2024,11,Austrian Grand Prix,Red Bull Ring,GAS,Pierre Gasly,Alpine F1 Team,13,10,1.0,Finished,10,13,0,9.333333333333334,10.833333333333334,12.0
2024,11,Austrian Grand Prix,Red Bull Ring,TSU,Yuki Tsunoda,RB F1 Team,14,14,0.0,Lapped,14,14,0,13.666666666666666,12.666666666666666,13.0
2024,11,Austrian Grand Prix,Red Bull Ring,ALO,Fernando Alonso,Aston Martin,15,18,0.0,Lapped,18,15,0,9.666666666666666,11.5,14.0
2024,11,Austrian Grand Prix,Red Bull Ring,ALB,Alexander Albon,Williams,16,15,0.0,Lapped,15,16,0,14.666666666666666,16.333333333333332,15.0
2024,11,Austrian Grand Prix,Red Bull Ring,STR,Lance Stroll,Aston Martin,17,13,0.0,Lapped,13,17,0,11.666666666666666,10.666666666666666,16.0
2024,11,Austrian Grand Prix,Red Bull Ring,BOT,Valtteri Bottas,Sauber,18,16,0.0,Lapped,16,18,0,14.0,14.666666666666666,17.0
2024,11,Austrian Grand Prix,Red Bull Ring,SAR,Logan Sargeant,Williams,19,19,0.0,Lapped,19,19,0,18.333333333333332,16.5,18.0
2024,11,Austrian Grand Prix,Red Bull Ring,ZHO,Guanyu Zhou,Sauber,20,17,0.0,Lapped,17,20,0,14.666666666666666,14.333333333333334,19.0
2024,12,British Grand Prix,Silverstone Circuit,RUS,George Russell,Mercedes,1,19,0.0,Retired,19,1,0,2.6666666666666665,3.6666666666666665,0.0
2024,12,British Grand Prix,Silverstone Circuit,HAM,Lewis Hamilton,Mercedes,2,1,25.0,Finished,1,2,1,3.6666666666666665,3.1666666666666665,1.0
2024,12,British Grand Prix,Silverstone Circuit,NOR,Lando Norris,McLaren,3,3,15.0,Finished,3,3,0,8.0,6.666666666666667,2.0
2024,12,British Grand Prix,Silverstone Circuit,VER,Max Verstappen,Red Bull,4,2,18.0,Finished,2,4,0,2.3333333333333335,8.5,3.0
2024,12,British Grand Prix,Silverstone Circuit,PIA,Oscar Piastri,McLaren,5,4,12.0,Finished,4,5,0,4.666666666666667,6.333333333333333,4.0
2024,12,British Grand Prix,Silverstone Circuit,HUL,Nico Hülkenberg,Haas F1 Team,6,6,8.0,Finished,6,6,0,9.333333333333334,12.833333333333334,5.0
2024,12,British Grand Prix,Silverstone Circuit,SAI,Carlos Sainz,Ferrari,7,5,11.0,Finished,5,7,0,8.333333333333334,8.666666666666666,6.0
2024,12,British Grand Prix,Silverstone Circuit,STR,Lance Stroll,Aston Martin,8,7,6.0,Finished,7,8,0,11.333333333333334,11.333333333333334,7.0
2024,12,British Grand Prix,Silverstone Circuit,ALB,Alexander Albon,Williams,9,9,2.0,Finished,9,9,0,16.666666666666668,17.5,8.0
2024,12,British Grand Prix,Silverstone Circuit,ALO,Fernando Alonso,Aston Martin,10,8,4.0,Finished,8,10,0,12.0,11.666666666666666,9.0
2024,12,British Grand Prix,Silverstone Circuit,LEC,Charles Leclerc,Ferrari,11,14,0.0,Lapped,14,11,0,11.666666666666666,10.0,10.0
2024,12,British Grand Prix,Silverstone Circuit,SAR,Logan Sargeant,Williams,12,11,0.0,Finished,11,12,0,19.666666666666668,18.166666666666668,11.0
2024,12,British Grand Prix,Silverstone Circuit,TSU,Yuki Tsunoda,RB F1 Team,13,10,1.0,Finished,10,13,0,15.666666666666666,12.833333333333334,12.0
2024,12,British Grand Prix,Silverstone Circuit,ZHO,Guanyu Zhou,Sauber,14,18,0.0,Lapped,18,14,0,15.0,14.833333333333334,13.0
2024,12,British Grand Prix,Silverstone Circuit,RIC,Daniel Ricciardo,RB F1 Team,15,13,0.0,Lapped,13,15,0,10.666666666666666,13.166666666666666,14.0
2024,12,British Grand Prix,Silverstone Circuit,BOT,Valtteri Bottas,Sauber,16,15,0.0,Lapped,15,16,0,15.0,15.0,15.0
2024,12,British Grand Prix,Silverstone Circuit,MAG,Kevin Magnussen,Haas F1 Team,17,12,0.0,Finished,12,17,0,12.333333333333334,10.833333333333334,16.0
2024,12,British Grand Prix,Silverstone Circuit,OCO,Esteban Ocon,Alpine F1 Team,18,16,0.0,Lapped,16,18,0,10.666666666666666,11.166666666666666,17.0
2024,12,British Grand Prix,Silverstone Circuit,GAS,Pierre Gasly,Alpine F1 Team,19,20,0.0,Did not start,20,19,0,9.333333333333334,10.0,18.0
2024,12,British Grand Prix,Silverstone Circuit,PER,Sergio Pérez,Red Bull,20,17,0.0,Lapped,17,20,0,11.0,6.666666666666667,19.0
2024,13,Hungarian Grand Prix,Hungaroring,NOR,Lando Norris,McLaren,1,2,18.0,Finished,2,1,0,8.333333333333334,6.5,0.0
2024,13,Hungarian Grand Prix,Hungaroring,PIA,Oscar Piastri,McLaren,2,1,25.0,Finished,1,2,1,4.333333333333333,6.333333333333333,1.0
2024,13,Hungarian Grand Prix,Hungaroring,VER,Max Verstappen,Red Bull,3,5,10.0,Finished,5,3,0,2.6666666666666665,6.833333333333333,2.0
2024,13,Hungarian Grand Prix,Hungaroring,SAI,Carlos Sainz,Ferrari,4,6,8.0,Finished,6,4,0,4.666666666666667,7.666666666666667,3.0
2024,13,Hungarian Grand Prix,Hungaroring,HAM,Lewis Hamilton,Mercedes,5,3,15.0,Finished,3,5,0,2.6666666666666665,5.833333333333333,4.0
2024,13,Hungarian Grand Prix,Hungaroring,LEC,Charles Leclerc,Ferrari,6,4,12.0,Finished,4,6,0,10.0,7.333333333333333,5.0
2024,13,Hungarian Grand Prix,Hungaroring,ALO,Fernando Alonso,Aston Martin,7,11,0.0,Finished,11,7,0,12.666666666666666,11.833333333333334,6.0
2024,13,Hungarian Grand Prix,Hungaroring,STR,Lance Stroll,Aston Martin,8,10,1.0,Finished,10,8,0,11.333333333333334,12.0,7.0
2024,13,Hungarian Grand Prix,Hungaroring,RIC,Daniel Ricciardo,RB F1 Team,9,12,0.0,Lapped,12,9,0,12.333333333333334,13.5,8.0
2024,13,Hungarian Grand Prix,Hungaroring,TSU,Yuki Tsunoda,RB F1 Team,10,9,2.0,Finished,9,10,0,14.333333333333334,13.333333333333334,9.0
2024,13,Hungarian Grand Prix,Hungaroring,HUL,Nico Hülkenberg,Haas F1 Team,11,13,0.0,Lapped,13,11,0,7.666666666666667,9.833333333333334,10.0
2024,13,Hungarian Grand Prix,Hungaroring,BOT,Valtteri Bottas,Sauber,12,16,0.0,Lapped,16,12,0,15.666666666666666,15.833333333333334,11.0
2024,13,Hungarian Grand Prix,Hungaroring,ALB,Alexander Albon,Williams,13,14,0.0,Lapped,14,13,0,14.0,16.833333333333332,12.0
2024,13,Hungarian Grand Prix,Hungaroring,SAR,Logan Sargeant,Williams,14,17,0.0,Lapped,17,14,0,16.666666666666668,15.333333333333334,13.0
2024,13,Hungarian Grand Prix,Hungaroring,MAG,Kevin Magnussen,Haas F1 Team,15,15,0.0,Lapped,15,15,0,12.333333333333334,10.0,14.0
2024,13,Hungarian Grand Prix,Hungaroring,PER,Sergio Pérez,Red Bull,16,7,6.0,Finished,7,16,0,10.666666666666666,6.666666666666667,15.0
2024,13,Hungarian Grand Prix,Hungaroring,RUS,George Russell,Mercedes,17,8,5.0,Finished,8,17,0,8.0,5.333333333333333,16.0
2024,13,Hungarian Grand Prix,Hungaroring,ZHO,Guanyu Zhou,Sauber,18,19,0.0,Lapped,19,18,0,16.0,15.833333333333334,17.0
2024,13,Hungarian Grand Prix,Hungaroring,OCO,Esteban Ocon,Alpine F1 Team,19,18,0.0,Lapped,18,19,0,12.666666666666666,11.166666666666666,18.0
2024,13,Hungarian Grand Prix,Hungaroring,GAS,Pierre Gasly,Alpine F1 Team,20,20,0.0,Retired,20,20,0,13.0,12.833333333333334,19.0
2024,14,Belgian Grand Prix,Circuit de Spa-Francorchamps,LEC,Charles Leclerc,Ferrari,1,3,15.0,Finished,3,1,0,9.666666666666666,7.5,0.0
2024,14,Belgian Grand Prix,Circuit de Spa-Francorchamps,PER,Sergio Pérez,Red Bull,2,7,7.0,Finished,7,2,0,10.333333333333334,7.333333333333333,1.0
2024,14,Belgian Grand Prix,Circuit de Spa-Francorchamps,HAM,Lewis Hamilton,Mercedes,3,1,25.0,Finished,1,3,1,2.6666666666666665,5.333333333333333,2.0
2024,14,Belgian Grand Prix,Circuit de Spa-Francorchamps,NOR,Lando Norris,McLaren,4,5,10.0,Finished,5,4,0,8.333333333333334,6.333333333333333,3.0
2024,14,Belgian Grand Prix,Circuit de Spa-Francorchamps,PIA,Oscar Piastri,McLaren,5,2,18.0,Finished,2,5,0,2.3333333333333335,5.333333333333333,4.0
2024,14,Belgian Grand Prix,Circuit de Spa-Francorchamps,RUS,George Russell,Mercedes,6,20,0.0,Disqualified,20,6,0,9.333333333333334,6.0,5.0
2024,14,Belgian Grand Prix,Circuit de Spa-Francorchamps,SAI,Carlos Sainz,Ferrari,7,6,8.0,Finished,6,7,0,4.666666666666667,7.166666666666667,6.0
2024,14,Belgian Grand Prix,Circuit de Spa-Francorchamps,ALO,Fernando Alonso,Aston Martin,8,8,4.0,Finished,8,8,0,12.333333333333334,11.833333333333334,7.0
2024,14,Belgian Grand Prix,Circuit de Spa-Francorchamps,OCO,Esteban Ocon,Alpine F1 Team,9,9,2.0,Finished,9,9,0,15.333333333333334,14.333333333333334,8.0
2024,14,Belgian Grand Prix,Circuit de Spa-Francorchamps,ALB,Alexander Albon,Williams,10,12,0.0,Finished,12,10,0,12.666666666666666,14.333333333333334,9.0
2024,14,Belgian Grand Prix,Circuit de Spa-Francorchamps,VER,Max Verstappen,Red Bull,11,4,12.0,Finished,4,11,0,4.0,7.166666666666667,10.0
2024,14,Belgian Grand Prix,Circuit de Spa-Francorchamps,GAS,Pierre Gasly,Alpine F1 Team,12,13,0.0,Finished,13,12,0,16.666666666666668,16.0,11.0
2024,14,Belgian Grand Prix,Circuit de Spa-Francorchamps,RIC,Daniel Ricciardo,RB F1 Team,13,10,1.0,Finished,10,13,0,11.333333333333334,12.166666666666666,12.0
2024,14,Belgian Grand Prix,Circuit de Spa-Francorchamps,BOT,Valtteri Bottas,Sauber,14,15,0.0,Finished,15,14,0,15.666666666666666,15.833333333333334,13.0
2024,14,Belgian Grand Prix,Circuit de Spa-Francorchamps,STR,Lance Stroll,Aston Martin,15,11,0.0,Finished,11,15,0,10.0,11.166666666666666,14.0
2024,14,Belgian Grand Prix,Circuit de Spa-Francorchamps,HUL,Nico Hülkenberg,Haas F1 Team,16,18,0.0,Finished,18,16,0,8.333333333333334,10.333333333333334,15.0
2024,14,Belgian Grand Prix,Circuit de Spa-Francorchamps,MAG,Kevin Magnussen,Haas F1 Team,17,14,0.0,Finished,14,17,0,11.666666666666666,10.0,16.0
2024,14,Belgian Grand Prix,Circuit de Spa-Francorchamps,SAR,Logan Sargeant,Williams,18,17,0.0,Finished,17,18,0,15.666666666666666,14.166666666666666,17.0
2024,14,Belgian Grand Prix,Circuit de Spa-Francorchamps,ZHO,Guanyu Zhou,Sauber,19,19,0.0,Retired,19,19,0,18.0,16.833333333333332,18.0
2024,14,Belgian Grand Prix,Circuit de Spa-Francorchamps,TSU,Yuki Tsunoda,RB F1 Team,20,16,0.0,Finished,16,20,0,11.0,11.166666666666666,19.0
2024,15,Dutch Grand Prix,Circuit Park Zandvoort,NOR,Lando Norris,McLaren,1,1,26.0,Finished,1,1,1,3.3333333333333335,2.8333333333333335,0.0
2024,15,Dutch Grand Prix,Circuit Park Zandvoort,VER,Max Verstappen,Red Bull,2,2,18.0,Finished,2,2,0,3.6666666666666665,7.5,1.0
2024,15,Dutch Grand Prix,Circuit Park Zandvoort,PIA,Oscar Piastri,McLaren,3,4,12.0,Finished,4,3,0,2.3333333333333335,2.8333333333333335,2.0
2024,15,Dutch Grand Prix,Circuit Park Zandvoort,RUS,George Russell,Mercedes,4,7,6.0,Finished,7,4,0,15.666666666666666,6.0,3.0
2024,15,Dutch Grand Prix,Circuit Park Zandvoort,PER,Sergio Pérez,Red Bull,5,6,8.0,Finished,6,5,0,10.333333333333334,7.0,4.0
2024,15,Dutch Grand Prix,Circuit Park Zandvoort,LEC,Charles Leclerc,Ferrari,6,3,15.0,Finished,3,6,0,7.0,7.166666666666667,5.0
2024,15,Dutch Grand Prix,Circuit Park Zandvoort,ALO,Fernando Alonso,Aston Martin,7,10,1.0,Lapped,10,7,0,9.0,9.5,6.0
2024,15,Dutch Grand Prix,Circuit Park Zandvoort,STR,Lance Stroll,Aston Martin,8,13,0.0,Lapped,13,8,0,9.333333333333334,9.166666666666666,7.0
2024,15,Dutch Grand Prix,Circuit Park Zandvoort,GAS,Pierre Gasly,Alpine F1 Team,9,9,2.0,Lapped,9,9,0,17.666666666666668,15.5,8.0
2024,15,Dutch Grand Prix,Circuit Park Zandvoort,SAI,Carlos Sainz,Ferrari,10,5,10.0,Finished,5,10,0,5.666666666666667,6.333333333333333,9.0
2024,15,Dutch Grand Prix,Circuit Park Zandvoort,TSU,Yuki Tsunoda,RB F1 Team,11,17,0.0,Lapped,17,11,0,11.666666666666666,11.333333333333334,10.0
2024,15,Dutch Grand Prix,Circuit Park Zandvoort,HUL,Nico Hülkenberg,Haas F1 Team,12,11,0.0,Lapped,11,12,0,12.333333333333334,12.0,11.0
2024,15,Dutch Grand Prix,Circuit Park Zandvoort,RIC,Daniel Ricciardo,RB F1 Team,13,12,0.0,Lapped,12,13,0,11.666666666666666,11.666666666666666,12.0
2024,15,Dutch Grand Prix,Circuit Park Zandvoort,HAM,Lewis Hamilton,Mercedes,14,8,4.0,Finished,8,14,0,1.6666666666666667,8.666666666666666,13.0
2024,15,Dutch Grand Prix,Circuit Park Zandvoort,OCO,Esteban Ocon,Alpine F1 Team,15,15,0.0,Lapped,15,15,0,14.333333333333334,16.0,14.0
2024,15,Dutch Grand Prix,Circuit Park Zandvoort,BOT,Valtteri Bottas,Sauber,16,19,0.0,Lapped,19,16,0,15.333333333333334,16.666666666666668,15.0
2024,15,Dutch Grand Prix,Circuit Park Zandvoort,ZHO,Guanyu Zhou,Sauber,17,20,0.0,Lapped,20,17,0,18.666666666666668,17.0,16.0
2024,15,Dutch Grand Prix,Circuit Park Zandvoort,SAR,Logan Sargeant,Williams,18,16,0.0,Lapped,16,18,0,15.0,13.666666666666666,17.0
2024,15,Dutch Grand Prix,Circuit Park Zandvoort,ALB,Alexander Albon,Williams,19,14,0.0,Lapped,14,19,0,11.666666666666666,13.333333333333334,18.0
2024,15,Dutch Grand Prix,Circuit Park Zandvoort,MAG,Kevin Magnussen,Haas F1 Team,20,18,0.0,Lapped,18,20,0,13.666666666666666,13.0,19.0
2024,16,Italian Grand Prix,Autodromo Nazionale di Monza,NOR,Lando Norris,McLaren,1,3,16.0,Finished,3,1,0,2.6666666666666665,2.5,0.0
2024,16,Italian Grand Prix,Autodromo Nazionale di Monza,PIA,Oscar Piastri,McLaren,2,2,18.0,Finished,2,2,0,2.3333333333333335,2.5,1.0
2024,16,Italian Grand Prix,Autodromo Nazionale di Monza,RUS,George Russell,Mercedes,3,7,6.0,Finished,7,3,0,11.666666666666666,6.666666666666667,2.0
2024,16,Italian Grand Prix,Autodromo Nazionale di Monza,LEC,Charles Leclerc,Ferrari,4,1,25.0,Finished,1,4,1,3.3333333333333335,6.0,3.0
2024,16,Italian Grand Prix,Autodromo Nazionale di Monza,SAI,Carlos Sainz,Ferrari,5,4,12.0,Finished,4,5,0,5.666666666666667,4.5,4.0
2024,16,Italian Grand Prix,Autodromo Nazionale di Monza,HAM,Lewis Hamilton,Mercedes,6,5,10.0,Finished,5,6,0,4.0,7.833333333333333,5.0
2024,16,Italian Grand Prix,Autodromo Nazionale di Monza,VER,Max Verstappen,Red Bull,7,6,8.0,Finished,6,7,0,3.6666666666666665,7.0,6.0
2024,16,Italian Grand Prix,Autodromo Nazionale di Monza,PER,Sergio Pérez,Red Bull,8,8,4.0,Finished,8,8,0,6.666666666666667,5.166666666666667,7.0
2024,16,Italian Grand Prix,Autodromo Nazionale di Monza,ALB,Alexander Albon,Williams,9,9,2.0,Finished,9,9,0,13.333333333333334,14.5,8.0
2024,16,Italian Grand Prix,Autodromo Nazionale di Monza,HUL,Nico Hülkenberg,Haas F1 Team,10,17,0.0,Lapped,17,10,0,14.0,13.833333333333334,9.0
2024,16,Italian Grand Prix,Autodromo Nazionale di Monza,ALO,Fernando Alonso,Aston Martin,11,11,0.0,Finished,11,11,0,9.666666666666666,9.666666666666666,10.0
2024,16,Italian Grand Prix,Autodromo Nazionale di Monza,RIC,Daniel Ricciardo,RB F1 Team,12,13,0.0,Finished,13,12,0,11.333333333333334,12.833333333333334,11.0
2024,16,Italian Grand Prix,Autodromo Nazionale di Monza,MAG,Kevin Magnussen,Haas F1 Team,13,10,1.0,Finished,10,13,0,15.666666666666666,14.833333333333334,12.0
2024,16,Italian Grand Prix,Autodromo Nazionale di Monza,GAS,Pierre Gasly,Alpine F1 Team,14,15,0.0,Lapped,15,14,0,14.0,14.833333333333334,13.0
2024,16,Italian Grand Prix,Autodromo Nazionale di Monza,OCO,Esteban Ocon,Alpine F1 Team,15,14,0.0,Lapped,14,15,0,14.0,14.0,14.0
2024,16,Italian Grand Prix,Autodromo Nazionale di Monza,TSU,Yuki Tsunoda,RB F1 Team,16,20,0.0,Retired,20,16,0,14.0,12.666666666666666,15.0
2024,16,Italian Grand Prix,Autodromo Nazionale di Monza,STR,Lance Stroll,Aston Martin,17,19,0.0,Lapped,19,17,0,11.333333333333334,10.5,16.0
2024,16,Italian Grand Prix,Autodromo Nazionale di Monza,COL,Franco Colapinto,Williams,18,12,0.0,Finished,12,18,0,12.0,15.0,17.0
2024,16,Italian Grand Prix,Autodromo Nazionale di Monza,BOT,Valtteri Bottas,Sauber,19,16,0.0,Lapped,16,19,0,16.666666666666668,17.166666666666668,18.0
2024,16,Italian Grand Prix,Autodromo Nazionale di Monza,ZHO,Guanyu Zhou,Sauber,20,18,0.0,Lapped,18,20,0,19.333333333333332,18.0,19.0
2024,17,Azerbaijan Grand Prix,Baku City Circuit,LEC,Charles Leclerc,Ferrari,1,2,18.0,Finished,2,1,0,2.3333333333333335,3.6666666666666665,0.0
2024,17,Azerbaijan Grand Prix,Baku City Circuit,PIA,Oscar Piastri,McLaren,2,1,25.0,Finished,1,2,1,2.6666666666666665,2.6666666666666665,1.0
2024,17,Azerbaijan Grand Prix,Baku City Circuit,SAI,Carlos Sainz,Ferrari,3,18,0.0,Retired,18,3,0,5.0,3.6666666666666665,2.0
2024,17,Azerbaijan Grand Prix,Baku City Circuit,PER,Sergio Pérez,Red Bull,4,17,0.0,Retired,17,4,0,7.0,5.333333333333333,3.0
2024,17,Azerbaijan Grand Prix,Baku City Circuit,RUS,George Russell,Mercedes,5,3,15.0,Finished,3,5,0,11.333333333333334,8.5,4.0
2024,17,Azerbaijan Grand Prix,Baku City Circuit,VER,Max Verstappen,Red Bull,6,5,10.0,Finished,5,6,0,4.0,5.5,5.0
2024,17,Azerbaijan Grand Prix,Baku City Circuit,ALO,Fernando Alonso,Aston Martin,7,6,8.0,Finished,6,7,0,9.666666666666666,10.5,6.0
2024,17,Azerbaijan Grand Prix,Baku City Circuit,COL,Franco Colapinto,Williams,8,8,4.0,Finished,8,8,0,12.0,14.166666666666666,7.0
2024,17,Azerbaijan Grand Prix,Baku City Circuit,ALB,Alexander Albon,Williams,9,7,6.0,Finished,7,9,0,11.666666666666666,13.333333333333334,8.0
2024,17,Azerbaijan Grand Prix,Baku City Circuit,BEA,Oliver Bearman,Haas F1 Team,10,10,1.0,Finished,10,10,0,7.0,15.5,9.0
2024,17,Azerbaijan Grand Prix,Baku City Circuit,TSU,Yuki Tsunoda,RB F1 Team,11,20,0.0,Retired,20,11,0,17.666666666666668,12.833333333333334,10.0
2024,17,Azerbaijan Grand Prix,Baku City Circuit,HUL,Nico Hülkenberg,Haas F1 Team,12,11,0.0,Finished,11,12,0,15.333333333333334,14.666666666666666,11.0
2024,17,Azerbaijan Grand Prix,Baku City Circuit,STR,Lance Stroll,Aston Martin,13,19,0.0,Retired,19,13,0,14.333333333333334,12.0,12.0
2024,17,Azerbaijan Grand Prix,Baku City Circuit,RIC,Daniel Ricciardo,RB F1 Team,14,13,0.0,Finished,13,14,0,11.666666666666666,14.666666666666666,13.0
2024,17,Azerbaijan Grand Prix,Baku City Circuit,NOR,Lando Norris,McLaren,15,4,13.0,Finished,4,15,0,3.0,2.8333333333333335,14.0
2024,17,Azerbaijan Grand Prix,Baku City Circuit,BOT,Valtteri Bottas,Sauber,16,16,0.0,Lapped,16,16,0,16.666666666666668,18.0,15.0
2024,17,Azerbaijan Grand Prix,Baku City Circuit,ZHO,Guanyu Zhou,Sauber,17,14,0.0,Finished,14,17,0,19.0,17.833333333333332,16.0
2024,17,Azerbaijan Grand Prix,Baku City Circuit,GAS,Pierre Gasly,Alpine F1 Team,18,12,0.0,Finished,12,18,0,12.333333333333334,13.5,17.0
2024,17,Azerbaijan Grand Prix,Baku City Circuit,HAM,Lewis Hamilton,Mercedes,19,9,2.0,Finished,9,19,0,4.666666666666667,8.0,18.0
2024,17,Azerbaijan Grand Prix,Baku City Circuit,OCO,Esteban Ocon,Alpine F1 Team,20,15,0.0,Lapped,15,20,0,12.666666666666666,12.5,19.0
2024,18,Singapore Grand Prix,Marina Bay Street Circuit,NOR,Lando Norris,McLaren,1,1,25.0,Finished,1,1,1,2.6666666666666665,2.1666666666666665,0.0
2024,18,Singapore Grand Prix,Marina Bay Street Circuit,VER,Max Verstappen,Red Bull,2,2,18.0,Finished,2,2,0,4.333333333333333,7.166666666666667,1.0
2024,18,Singapore Grand Prix,Marina Bay Street Circuit,HAM,Lewis Hamilton,Mercedes,3,6,8.0,Finished,6,3,0,7.333333333333333,8.333333333333334,2.0
2024,18,Singapore Grand Prix,Marina Bay Street Circuit,RUS,George Russell,Mercedes,4,4,12.0,Finished,4,4,0,5.666666666666667,6.5,3.0
2024,18,Singapore Grand Prix,Marina Bay Street Circuit,PIA,Oscar Piastri,McLaren,5,3,15.0,Finished,3,5,0,2.3333333333333335,2.5,4.0
2024,18,Singapore Grand Prix,Marina Bay Street Circuit,HUL,Nico Hülkenberg,Haas F1 Team,6,9,2.0,Lapped,9,6,0,13.0,13.333333333333334,5.0
2024,18,Singapore Grand Prix,Marina Bay Street Circuit,ALO,Fernando Alonso,Aston Martin,7,8,4.0,Lapped,8,7,0,9.0,11.666666666666666,6.0
2024,18,Singapore Grand Prix,Marina Bay Street Circuit,TSU,Yuki Tsunoda,RB F1 Team,8,12,0.0,Lapped,12,8,0,19.0,16.333333333333332,7.0
2024,18,Singapore Grand Prix,Marina Bay Street Circuit,LEC,Charles Leclerc,Ferrari,9,5,10.0,Finished,5,9,0,2.0,3.5,8.0
2024,18,Singapore Grand Prix,Marina Bay Street Circuit,SAI,Carlos Sainz,Ferrari,10,7,6.0,Finished,7,10,0,9.0,5.5,9.0
2024,18,Singapore Grand Prix,Marina Bay Street Circuit,ALB,Alexander Albon,Williams,11,20,0.0,Retired,20,11,0,10.0,12.666666666666666,10.0
2024,18,Singapore Grand Prix,Marina Bay Street Circuit,COL,Franco Colapinto,Williams,12,11,0.0,Lapped,11,12,0,10.0,11.0,11.0
2024,18,Singapore Grand Prix,Marina Bay Street Circuit,PER,Sergio Pérez,Red Bull,13,10,1.0,Lapped,10,13,0,10.333333333333334,7.333333333333333,12.0
2024,18,Singapore Grand Prix,Marina Bay Street Circuit,MAG,Kevin Magnussen,Haas F1 Team,14,19,0.0,Retired,19,14,0,14.0,12.833333333333334,13.0
2024,18,Singapore Grand Prix,Marina Bay Street Circuit,OCO,Esteban Ocon,Alpine F1 Team,15,13,0.0,Lapped,13,15,0,14.666666666666666,13.0,14.0
2024,18,Singapore Grand Prix,Marina Bay Street Circuit,RIC,Daniel Ricciardo,RB F1 Team,16,18,0.0,Lapped,18,16,0,12.666666666666666,15.833333333333334,15.0
2024,18,Singapore Grand Prix,Marina Bay Street Circuit,STR,Lance Stroll,Aston Martin,17,14,0.0,Lapped,14,17,0,17.0,13.0,16.0
2024,18,Singapore Grand Prix,Marina Bay Street Circuit,GAS,Pierre Gasly,Alpine F1 Team,18,17,0.0,Lapped,17,18,0,12.0,13.333333333333334,17.0
2024,18,Singapore Grand Prix,Marina Bay Street Circuit,BOT,Valtteri Bottas,Sauber,19,16,0.0,Lapped,16,19,0,17.0,18.0,18.0
2024,18,Singapore Grand Prix,Marina Bay Street Circuit,ZHO,Guanyu Zhou,Sauber,20,15,0.0,Lapped,15,20,0,17.333333333333332,17.166666666666668,19.0
2024,19,United States Grand Prix,Circuit of the Americas,NOR,Lando Norris,McLaren,1,4,12.0,Finished,4,1,0,2.6666666666666665,2.5,0.0
2024,19,United States Grand Prix,Circuit of the Americas,VER,Max Verstappen,Red Bull,2,3,15.0,Finished,3,2,0,4.333333333333333,7.333333333333333,1.0
2024,19,United States Grand Prix,Circuit of the Americas,SAI,Carlos Sainz,Ferrari,3,2,18.0,Finished,2,3,0,9.666666666666666,5.833333333333333,2.0
2024,19,United States Grand Prix,Circuit of the Americas,LEC,Charles Leclerc,Ferrari,4,1,25.0,Finished,1,4,1,2.6666666666666665,6.166666666666667,3.0
2024,19,United States Grand Prix,Circuit of the Americas,PIA,Oscar Piastri,McLaren,5,5,10.0,Finished,5,5,0,2.0,2.3333333333333335,4.0
2024,19,United States Grand Prix,Circuit of the Americas,GAS,Pierre Gasly,Alpine F1 Team,6,12,0.0,Finished,12,6,0,14.666666666666666,14.0,5.0
2024,19,United States Grand Prix,Circuit of the Americas,ALO,Fernando Alonso,Aston Martin,7,13,0.0,Lapped,13,7,0,8.333333333333334,12.666666666666666,6.0
2024,19,United States Grand Prix,Circuit of the Americas,MAG,Kevin Magnussen,Haas F1 Team,8,11,0.0,Finished,11,8,0,15.666666666666666,12.5,7.0
2024,19,United States Grand Prix,Circuit of the Americas,PER,Sergio Pérez,Red Bull,9,7,6.0,Finished,7,9,0,11.666666666666666,8.0,8.0
2024,19,United States Grand Prix,Circuit of the Americas,TSU,Yuki Tsunoda,RB F1 Team,10,14,0.0,Lapped,14,10,0,17.333333333333332,15.0,9.0
2024,19,United States Grand Prix,Circuit of the Americas,HUL,Nico Hülkenberg,Haas F1 Team,11,8,4.0,Finished,8,11,0,12.333333333333334,12.666666666666666,10.0
2024,19,United States Grand Prix,Circuit of the Americas,OCO,Esteban Ocon,Alpine F1 Team,12,18,0.0,Lapped,18,12,0,14.0,14.333333333333334,11.0
2024,19,United States Grand Prix,Circuit of the Americas,STR,Lance Stroll,Aston Martin,13,15,0.0,Lapped,15,13,0,17.333333333333332,12.833333333333334,12.0
2024,19,United States Grand Prix,Circuit of the Americas,ALB,Alexander Albon,Williams,14,16,0.0,Lapped,16,14,0,12.0,11.666666666666666,13.0
2024,19,United States Grand Prix,Circuit of the Americas,COL,Franco Colapinto,Williams,15,10,1.0,Finished,10,15,0,10.333333333333334,11.166666666666666,14.0
2024,19,United States Grand Prix,Circuit of the Americas,BOT,Valtteri Bottas,Sauber,16,17,0.0,Lapped,17,16,0,16.0,16.666666666666668,15.0
2024,19,United States Grand Prix,Circuit of the Americas,HAM,Lewis Hamilton,Mercedes,17,20,0.0,Retired,20,17,0,6.666666666666667,6.333333333333333,16.0
2024,19,United States Grand Prix,Circuit of the Americas,ZHO,Guanyu Zhou,Sauber,18,19,0.0,Lapped,19,18,0,15.666666666666666,15.833333333333334,17.0
2024,19,United States Grand Prix,Circuit of the Americas,LAW,Liam Lawson,RB F1 Team,19,9,2.0,Finished,9,19,0,12.333333333333334,16.0,18.0
2024,19,United States Grand Prix,Circuit of the Americas,RUS,George Russell,Mercedes,20,6,8.0,Finished,6,20,0,4.666666666666667,5.666666666666667,19.0
2024,20,Mexico City Grand Prix,Autódromo Hermanos Rodríguez,SAI,Carlos Sainz,Ferrari,1,1,25.0,Finished,1,1,1,9.0,6.333333333333333,0.0
2024,20,Mexico City Grand Prix,Autódromo Hermanos Rodríguez,VER,Max Verstappen,Red Bull,2,6,8.0,Finished,6,2,0,3.3333333333333335,7.5,1.0
2024,20,Mexico City Grand Prix,Autódromo Hermanos Rodríguez,NOR,Lando Norris,McLaren,3,2,18.0,Finished,2,3,0,3.0,2.5,2.0
2024,20,Mexico City Grand Prix,Autódromo Hermanos Rodríguez,LEC,Charles Leclerc,Ferrari,4,3,16.0,Finished,3,4,0,2.6666666666666665,5.833333333333333,3.0
2024,20,Mexico City Grand Prix,Autódromo Hermanos Rodríguez,RUS,George Russell,Mercedes,5,5,10.0,Finished,5,5,0,4.333333333333333,7.833333333333333,4.0
2024,20,Mexico City Grand Prix,Autódromo Hermanos Rodríguez,HAM,Lewis Hamilton,Mercedes,6,4,12.0,Finished,4,6,0,11.666666666666666,8.0,5.0
2024,20,Mexico City Grand Prix,Autódromo Hermanos Rodríguez,MAG,Kevin Magnussen,Haas F1 Team,7,7,6.0,Finished,7,7,0,13.333333333333334,11.666666666666666,6.0
2024,20,Mexico City Grand Prix,Autódromo Hermanos Rodríguez,GAS,Pierre Gasly,Alpine F1 Team,8,10,1.0,Lapped,10,8,0,13.666666666666666,13.833333333333334,7.0
2024,20,Mexico City Grand Prix,Autódromo Hermanos Rodríguez,ALB,Alexander Albon,Williams,9,19,0.0,Retired,19,9,0,14.333333333333334,12.333333333333334,8.0
2024,20,Mexico City Grand Prix,Autódromo Hermanos Rodríguez,HUL,Nico Hülkenberg,Haas F1 Team,10,9,2.0,Lapped,9,10,0,9.333333333333334,11.333333333333334,9.0
2024,20,Mexico City Grand Prix,Autódromo Hermanos Rodríguez,TSU,Yuki Tsunoda,RB F1 Team,11,20,0.0,Retired,20,11,0,15.333333333333334,16.166666666666668,10.0
2024,20,Mexico City Grand Prix,Autódromo Hermanos Rodríguez,LAW,Liam Lawson,RB F1 Team,12,16,0.0,Lapped,16,12,0,12.333333333333334,14.333333333333334,11.0
2024,20,Mexico City Grand Prix,Autódromo Hermanos Rodríguez,ALO,Fernando Alonso,Aston Martin,13,18,0.0,Retired,18,13,0,9.0,13.166666666666666,12.0
2024,20,Mexico City Grand Prix,Autódromo Hermanos Rodríguez,STR,Lance Stroll,Aston Martin,14,11,0.0,Lapped,11,14,0,16.0,12.5,13.0
2024,20,Mexico City Grand Prix,Autódromo Hermanos Rodríguez,BOT,Valtteri Bottas,Sauber,15,14,0.0,Lapped,14,15,0,16.333333333333332,16.0,14.0
2024,20,Mexico City Grand Prix,Autódromo Hermanos Rodríguez,COL,Franco Colapinto,Williams,16,12,0.0,Lapped,12,16,0,9.666666666666666,12.0,15.0
2024,20,Mexico City Grand Prix,Autódromo Hermanos Rodríguez,PIA,Oscar Piastri,McLaren,17,8,4.0,Finished,8,17,0,3.0,3.0,16.0
2024,20,Mexico City Grand Prix,Autódromo Hermanos Rodríguez,PER,Sergio Pérez,Red Bull,18,17,0.0,Lapped,17,18,0,11.333333333333334,7.333333333333333,17.0
2024,20,Mexico City Grand Prix,Autódromo Hermanos Rodríguez,ZHO,Guanyu Zhou,Sauber,19,15,0.0,Lapped,15,19,0,16.0,16.166666666666668,18.0
2024,20,Mexico City Grand Prix,Autódromo Hermanos Rodríguez,OCO,Esteban Ocon,Alpine F1 Team,0,13,0.0,Lapped,13,20,0,15.333333333333334,14.5,19.0
2024,21,São Paulo Grand Prix,Autódromo José Carlos Pace,NOR,Lando Norris,McLaren,1,6,8.0,Finished,6,1,0,2.3333333333333335,3.1666666666666665,0.0
2024,21,São Paulo Grand Prix,Autódromo José Carlos Pace,RUS,George Russell,Mercedes,2,4,12.0,Finished,4,2,0,5.0,8.333333333333334,1.0
2024,21,São Paulo Grand Prix,Autódromo José Carlos Pace,TSU,Yuki Tsunoda,RB F1 Team,3,7,6.0,Finished,7,3,0,15.333333333333334,14.333333333333334,2.0
2024,21,São Paulo Grand Prix,Autódromo José Carlos Pace,OCO,Esteban Ocon,Alpine F1 Team,4,2,18.0,Finished,2,4,0,14.666666666666666,14.166666666666666,3.0
2024,21,São Paulo Grand Prix,Autódromo José Carlos Pace,LAW,Liam Lawson,RB F1 Team,5,9,2.0,Finished,9,5,0,14.0,14.833333333333334,4.0
2024,21,São Paulo Grand Prix,Autódromo José Carlos Pace,LEC,Charles Leclerc,Ferrari,6,5,10.0,Finished,5,6,0,3.0,5.666666666666667,5.0
2024,21,São Paulo Grand Prix,Autódromo José Carlos Pace,ALB,Alexander Albon,Williams,7,18,0.0,Did not start,18,7,0,18.333333333333332,13.833333333333334,6.0
2024,21,São Paulo Grand Prix,Autódromo José Carlos Pace,PIA,Oscar Piastri,McLaren,8,8,4.0,Finished,8,8,0,5.333333333333333,3.8333333333333335,7.0
2024,21,São Paulo Grand Prix,Autódromo José Carlos Pace,ALO,Fernando Alonso,Aston Martin,9,14,0.0,Finished,14,9,0,13.0,14.5,8.0
2024,21,São Paulo Grand Prix,Autódromo José Carlos Pace,STR,Lance Stroll,Aston Martin,10,19,0.0,Did not start,19,10,0,13.333333333333334,13.166666666666666,9.0
2024,21,São Paulo Grand Prix,Autódromo José Carlos Pace,BOT,Valtteri Bottas,Sauber,11,13,0.0,Finished,13,11,0,15.666666666666666,15.833333333333334,10.0
2024,21,São Paulo Grand Prix,Autódromo José Carlos Pace,PER,Sergio Pérez,Red Bull,12,11,0.0,Finished,11,12,0,11.333333333333334,5.5,11.0
2024,21,São Paulo Grand Prix,Autódromo José Carlos Pace,GAS,Pierre Gasly,Alpine F1 Team,13,3,15.0,Finished,3,13,0,13.0,13.833333333333334,12.0
2024,21,São Paulo Grand Prix,Autódromo José Carlos Pace,HAM,Lewis Hamilton,Mercedes,14,10,1.0,Finished,10,14,0,10.0,7.5,13.0
2024,21,São Paulo Grand Prix,Autódromo José Carlos Pace,BEA,Oliver Bearman,Haas F1 Team,15,12,0.0,Finished,12,15,0,8.5,10.833333333333334,14.0
2024,21,São Paulo Grand Prix,Autódromo José Carlos Pace,COL,Franco Colapinto,Williams,16,17,0.0,Retired,17,16,0,11.0,14.666666666666666,15.0
2024,21,São Paulo Grand Prix,Autódromo José Carlos Pace,VER,Max Verstappen,Red Bull,17,1,26.0,Finished,1,17,1,3.6666666666666665,7.5,16.0
2024,21,São Paulo Grand Prix,Autódromo José Carlos Pace,HUL,Nico Hülkenberg,Haas F1 Team,18,20,0.0,Disqualified,20,18,0,8.666666666666666,10.5,17.0
2024,21,São Paulo Grand Prix,Autódromo José Carlos Pace,ZHO,Guanyu Zhou,Sauber,19,15,0.0,Finished,15,19,0,16.333333333333332,16.0,18.0
2024,21,São Paulo Grand Prix,Autódromo José Carlos Pace,SAI,Carlos Sainz,Ferrari,20,16,0.0,Retired,16,20,0,3.3333333333333335,3.1666666666666665,19.0
2024,22,Las Vegas Grand Prix,Las Vegas Strip Street Circuit,RUS,George Russell,Mercedes,1,1,25.0,Finished,1,1,1,5.0,7.166666666666667,0.0
2024,22,Las Vegas Grand Prix,Las Vegas Strip Street Circuit,SAI,Carlos Sainz,Ferrari,2,3,15.0,Finished,3,2,0,6.333333333333333,3.1666666666666665,1.0
2024,22,Las Vegas Grand Prix,Las Vegas Strip Street Circuit,GAS,Pierre Gasly,Alpine F1 Team,3,20,0.0,Retired,20,3,0,8.333333333333334,12.0,2.0
2024,22,Las Vegas Grand Prix,Las Vegas Strip Street Circuit,LEC,Charles Leclerc,Ferrari,4,4,12.0,Finished,4,4,0,3.0,4.666666666666667,3.0
2024,22,Las Vegas Grand Prix,Las Vegas Strip Street Circuit,VER,Max Verstappen,Red Bull,5,5,10.0,Finished,5,5,0,3.3333333333333335,9.0,4.0
2024,22,Las Vegas Grand Prix,Las Vegas Strip Street Circuit,NOR,Lando Norris,McLaren,6,6,9.0,Finished,6,6,0,4.0,4.666666666666667,5.0
2024,22,Las Vegas Grand Prix,Las Vegas Strip Street Circuit,TSU,Yuki Tsunoda,RB F1 Team,7,9,2.0,Finished,9,7,0,13.666666666666666,14.0,6.0
2024,22,Las Vegas Grand Prix,Las Vegas Strip Street Circuit,PIA,Oscar Piastri,McLaren,8,7,6.0,Finished,7,8,0,7.0,5.5,7.0
2024,22,Las Vegas Grand Prix,Las Vegas Strip Street Circuit,HUL,Nico Hülkenberg,Haas F1 Team,9,8,4.0,Finished,8,9,0,12.333333333333334,11.0,8.0
2024,22,Las Vegas Grand Prix,Las Vegas Strip Street Circuit,HAM,Lewis Hamilton,Mercedes,10,2,18.0,Finished,2,10,0,11.333333333333334,8.166666666666666,9.0
2024,22,Las Vegas Grand Prix,Las Vegas Strip Street Circuit,OCO,Esteban Ocon,Alpine F1 Team,11,17,0.0,Lapped,17,11,0,11.0,9.666666666666666,10.0
2024,22,Las Vegas Grand Prix,Las Vegas Strip Street Circuit,MAG,Kevin Magnussen,Haas F1 Team,12,12,0.0,Finished,12,12,0,12.333333333333334,11.166666666666666,11.0
2024,22,Las Vegas Grand Prix,Las Vegas Strip Street Circuit,ZHO,Guanyu Zhou,Sauber,13,13,0.0,Finished,13,13,0,16.333333333333332,15.5,12.0
2024,22,Las Vegas Grand Prix,Las Vegas Strip Street Circuit,LAW,Liam Lawson,RB F1 Team,14,16,0.0,Finished,16,14,0,11.333333333333334,12.5,13.0
2024,22,Las Vegas Grand Prix,Las Vegas Strip Street Circuit,PER,Sergio Pérez,Red Bull,15,10,1.0,Finished,10,15,0,11.666666666666666,7.5,14.0
2024,22,Las Vegas Grand Prix,Las Vegas Strip Street Circuit,ALO,Fernando Alonso,Aston Martin,16,11,0.0,Finished,11,16,0,15.0,14.166666666666666,15.0
2024,22,Las Vegas Grand Prix,Las Vegas Strip Street Circuit,ALB,Alexander Albon,Williams,17,19,0.0,Retired,19,17,0,17.666666666666668,14.333333333333334,16.0
2024,22,Las Vegas Grand Prix,Las Vegas Strip Street Circuit,STR,Lance Stroll,Aston Martin,18,15,0.0,Finished,15,18,0,15.0,15.0,17.0
2024,22,Las Vegas Grand Prix,Las Vegas Strip Street Circuit,BOT,Valtteri Bottas,Sauber,19,18,0.0,Lapped,18,19,0,14.666666666666666,15.5,18.0
2024,22,Las Vegas Grand Prix,Las Vegas Strip Street Circuit,COL,Franco Colapinto,Williams,20,14,0.0,Finished,14,20,0,13.0,15.333333333333334,19.0
2024,23,Qatar Grand Prix,Losail International Circuit,RUS,George Russell,Mercedes,1,4,12.0,Finished,4,1,0,3.3333333333333335,5.0,0.0
2024,23,Qatar Grand Prix,Losail International Circuit,VER,Max Verstappen,Red Bull,2,1,25.0,Finished,1,2,1,4.0,7.833333333333333,1.0
2024,23,Qatar Grand Prix,Losail International Circuit,NOR,Lando Norris,McLaren,3,10,2.0,Finished,10,3,0,4.666666666666667,5.833333333333333,2.0
2024,23,Qatar Grand Prix,Losail International Circuit,PIA,Oscar Piastri,McLaren,4,3,15.0,Finished,3,4,0,7.666666666666667,6.166666666666667,3.0
2024,23,Qatar Grand Prix,Losail International Circuit,LEC,Charles Leclerc,Ferrari,5,2,18.0,Finished,2,5,0,4.0,4.833333333333333,4.0
2024,23,Qatar Grand Prix,Losail International Circuit,HAM,Lewis Hamilton,Mercedes,6,12,0.0,Finished,12,6,0,5.333333333333333,4.333333333333333,5.0
2024,23,Qatar Grand Prix,Losail International Circuit,SAI,Carlos Sainz,Ferrari,7,6,8.0,Finished,6,7,0,6.666666666666667,5.333333333333333,6.0
2024,23,Qatar Grand Prix,Losail International Circuit,ALO,Fernando Alonso,Aston Martin,8,7,6.0,Finished,7,8,0,14.333333333333334,14.666666666666666,7.0
2024,23,Qatar Grand Prix,Losail International Circuit,PER,Sergio Pérez,Red Bull,9,17,0.0,Retired,17,9,0,12.666666666666666,8.333333333333334,8.0
2024,23,Qatar Grand Prix,Losail International Circuit,MAG,Kevin Magnussen,Haas F1 Team,10,9,2.0,Finished,9,10,0,10.0,10.666666666666666,9.0
2024,23,Qatar Grand Prix,Losail International Circuit,GAS,Pierre Gasly,Alpine F1 Team,11,5,10.0,Finished,5,11,0,11.0,11.0,10.0
2024,23,Qatar Grand Prix,Losail International Circuit,ZHO,Guanyu Zhou,Sauber,12,8,4.0,Finished,8,12,0,14.333333333333334,14.833333333333334,11.0
2024,23,Qatar Grand Prix,Losail International Circuit,BOT,Valtteri Bottas,Sauber,13,11,0.0,Finished,11,13,0,15.0,14.666666666666666,12.0
2024,23,Qatar Grand Prix,Losail International Circuit,TSU,Yuki Tsunoda,RB F1 Team,14,13,0.0,Finished,13,14,0,12.0,11.666666666666666,13.0
2024,23,Qatar Grand Prix,Losail International Circuit,STR,Lance Stroll,Aston Martin,15,18,0.0,Retired,18,15,0,15.0,14.666666666666666,14.0
2024,23,Qatar Grand Prix,Losail International Circuit,ALB,Alexander Albon,Williams,16,15,0.0,Lapped,15,16,0,18.666666666666668,15.833333333333334,15.0
2024,23,Qatar Grand Prix,Losail International Circuit,LAW,Liam Lawson,RB F1 Team,17,14,0.0,Finished,14,17,0,13.666666666666666,12.833333333333334,16.0
2024,23,Qatar Grand Prix,Losail International Circuit,HUL,Nico Hülkenberg,Haas F1 Team,18,16,0.0,Retired,16,18,0,12.333333333333334,11.333333333333334,17.0
2024,23,Qatar Grand Prix,Losail International Circuit,COL,Franco Colapinto,Williams,19,19,0.0,Retired,19,19,0,14.333333333333334,16.5,18.0
2024,23,Qatar Grand Prix,Losail International Circuit,OCO,Esteban Ocon,Alpine F1 Team,20,20,0.0,Retired,20,20,0,10.666666666666666,10.833333333333334,19.0
2024,24,Abu Dhabi Grand Prix,Yas Marina Circuit,NOR,Lando Norris,McLaren,1,1,25.0,Finished,1,1,1,7.333333333333333,7.5,0.0
2024,24,Abu Dhabi Grand Prix,Yas Marina Circuit,PIA,Oscar Piastri,McLaren,2,10,1.0,Finished,10,2,0,6.0,6.666666666666667,1.0
2024,24,Abu Dhabi Grand Prix,Yas Marina Circuit,SAI,Carlos Sainz,Ferrari,3,2,18.0,Finished,2,3,0,8.333333333333334,5.5,2.0
2024,24,Abu Dhabi Grand Prix,Yas Marina Circuit,VER,Max Verstappen,Red Bull,4,6,8.0,Finished,6,4,0,2.3333333333333335,7.5,3.0
2024,24,Abu Dhabi Grand Prix,Yas Marina Circuit,GAS,Pierre Gasly,Alpine F1 Team,5,7,6.0,Finished,7,5,0,9.333333333333334,10.0,4.0
2024,24,Abu Dhabi Grand Prix,Yas Marina Circuit,RUS,George Russell,Mercedes,6,5,10.0,Finished,5,6,0,3.0,4.166666666666667,5.0
2024,24,Abu Dhabi Grand Prix,Yas Marina Circuit,HUL,Nico Hülkenberg,Haas F1 Team,7,8,4.0,Finished,8,7,0,14.666666666666666,11.666666666666666,6.0
2024,24,Abu Dhabi Grand Prix,Yas Marina Circuit,ALO,Fernando Alonso,Aston Martin,8,9,2.0,Finished,9,8,0,10.666666666666666,12.833333333333334,7.0
2024,24,Abu Dhabi Grand Prix,Yas Marina Circuit,BOT,Valtteri Bottas,Sauber,9,18,0.0,Retired,18,9,0,14.0,13.666666666666666,8.0
2024,24,Abu Dhabi Grand Prix,Yas Marina Circuit,PER,Sergio Pérez,Red Bull,10,20,0.0,Retired,20,10,0,12.666666666666666,7.5,9.0
2024,24,Abu Dhabi Grand Prix,Yas Marina Circuit,TSU,Yuki Tsunoda,RB F1 Team,11,12,0.0,Lapped,12,11,0,9.666666666666666,11.666666666666666,10.0
2024,24,Abu Dhabi Grand Prix,Yas Marina Circuit,LAW,Liam Lawson,RB F1 Team,12,17,0.0,Retired,17,12,0,13.0,11.333333333333334,11.0
2024,24,Abu Dhabi Grand Prix,Yas Marina Circuit,STR,Lance Stroll,Aston Martin,13,14,0.0,Lapped,14,13,0,17.333333333333332,14.0,12.0
2024,24,Abu Dhabi Grand Prix,Yas Marina Circuit,MAG,Kevin Magnussen,Haas F1 Team,14,16,0.0,Lapped,16,14,0,9.333333333333334,12.833333333333334,13.0
2024,24,Abu Dhabi Grand Prix,Yas Marina Circuit,ZHO,Guanyu Zhou,Sauber,15,13,0.0,Lapped,13,15,0,12.0,13.0,14.0
2024,24,Abu Dhabi Grand Prix,Yas Marina Circuit,HAM,Lewis Hamilton,Mercedes,16,4,12.0,Finished,4,16,0,8.0,5.5,15.0
2024,24,Abu Dhabi Grand Prix,Yas Marina Circuit,DOO,Jack Doohan,Alpine F1 Team,17,15,0.0,Lapped,15,17,0,12.0,11.166666666666666,16.0
2024,24,Abu Dhabi Grand Prix,Yas Marina Circuit,ALB,Alexander Albon,Williams,18,11,0.0,Lapped,11,18,0,17.333333333333332,15.833333333333334,17.0
2024,24,Abu Dhabi Grand Prix,Yas Marina Circuit,LEC,Charles Leclerc,Ferrari,19,3,15.0,Finished,3,19,0,3.6666666666666665,6.0,18.0
2024,24,Abu Dhabi Grand Prix,Yas Marina Circuit,COL,Franco Colapinto,Williams,20,19,0.0,Retired,19,20,0,16.666666666666668,17.0,19.0
2025,1,Australian Grand Prix,Albert Park Grand Prix Circuit,NOR,Lando Norris,McLaren,1,1,25.0,Finished,1,1,1,5.666666666666667,5.833333333333333,0.0
2025,1,Australian Grand Prix,Albert Park Grand Prix Circuit,PIA,Oscar Piastri,McLaren,2,9,2.0,Finished,9,2,0,6.666666666666667,6.166666666666667,1.0
2025,1,Australian Grand Prix,Albert Park Grand Prix Circuit,VER,Max Verstappen,Red Bull,3,2,18.0,Finished,2,3,0,4.0,6.666666666666667,2.0
2025,1,Australian Grand Prix,Albert Park Grand Prix Circuit,RUS,George Russell,Mercedes,4,3,15.0,Finished,3,4,0,3.3333333333333335,5.666666666666667,3.0
2025,1,Australian Grand Prix,Albert Park Grand Prix Circuit,TSU,Yuki Tsunoda,RB F1 Team,5,12,0.0,Finished,12,5,0,11.333333333333334,12.166666666666666,4.0
2025,1,Australian Grand Prix,Albert Park Grand Prix Circuit,ALB,Alexander Albon,Williams,6,5,10.0,Finished,5,6,0,15.0,15.833333333333334,5.0
2025,1,Australian Grand Prix,Albert Park Grand Prix Circuit,LEC,Charles Leclerc,Ferrari,7,8,4.0,Finished,8,7,0,3.0,5.5,6.0
2025,1,Australian Grand Prix,Albert Park Grand Prix Circuit,HAM,Lewis Hamilton,Ferrari,8,10,1.0,Finished,10,8,0,6.0,3.3333333333333335,7.0
2025,1,Australian Grand Prix,Albert Park Grand Prix Circuit,GAS,Pierre Gasly,Alpine F1 Team,9,11,0.0,Finished,11,9,0,10.666666666666666,12.0,8.0
2025,1,Australian Grand Prix,Albert Park Grand Prix Circuit,SAI,Carlos Sainz,Williams,10,18,0.0,Retired,18,10,0,3.6666666666666665,16.166666666666668,9.0
2025,1,Australian Grand Prix,Albert Park Grand Prix Circuit,HAD,Isack Hadjar,RB F1 Team,11,20,0.0,Retired,20,11,0,12.0,13.5,10.0
2025,1,Australian Grand Prix,Albert Park Grand Prix Circuit,ALO,Fernando Alonso,Aston Martin,12,17,0.0,Retired,17,12,0,9.0,13.166666666666666,11.0
2025,1,Australian Grand Prix,Albert Park Grand Prix Circuit,STR,Lance Stroll,Aston Martin,13,6,8.0,Finished,6,13,0,15.666666666666666,12.333333333333334,12.0
2025,1,Australian Grand Prix,Albert Park Grand Prix Circuit,DOO,Jack Doohan,Alpine F1 Team,14,19,0.0,Retired,19,14,0,15.0,14.0,13.0
2025,1,Australian Grand Prix,Albert Park Grand Prix Circuit,BOR,Gabriel Bortoleto,Sauber,15,16,0.0,Retired,16,15,0,12.0,13.833333333333334,14.0
2025,1,Australian Grand Prix,Albert Park Grand Prix Circuit,ANT,Andrea Kimi Antonelli,Mercedes,16,4,12.0,Finished,4,16,0,12.0,4.666666666666667,15.0
2025,1,Australian Grand Prix,Albert Park Grand Prix Circuit,HUL,Nico Hülkenberg,Sauber,17,7,6.0,Finished,7,17,0,10.666666666666666,13.5,16.0
2025,1,Australian Grand Prix,Albert Park Grand Prix Circuit,LAW,Liam Lawson,Red Bull,18,15,0.0,Retired,15,18,0,15.666666666666666,9.833333333333334,17.0
2025,1,Australian Grand Prix,Albert Park Grand Prix Circuit,OCO,Esteban Ocon,Haas F1 Team,19,13,0.0,Finished,13,19,0,13.0,12.166666666666666,18.0
2025,1,Australian Grand Prix,Albert Park Grand Prix Circuit,BEA,Oliver Bearman,Haas F1 Team,20,14,0.0,Finished,14,20,0,9.666666666666666,11.5,19.0
2025,2,Chinese Grand Prix,Shanghai International Circuit,PIA,Oscar Piastri,McLaren,1,1,25.0,Finished,1,1,1,7.333333333333333,5.333333333333333,0.0
2025,2,Chinese Grand Prix,Shanghai International Circuit,RUS,George Russell,Mercedes,2,3,15.0,Finished,3,2,0,4.0,5.0,1.0
2025,2,Chinese Grand Prix,Shanghai International Circuit,NOR,Lando Norris,McLaren,3,2,18.0,Finished,2,3,0,4.0,5.666666666666667,2.0
2025,2,Chinese Grand Prix,Shanghai International Circuit,VER,Max Verstappen,Red Bull,4,4,12.0,Finished,4,4,0,3.0,9.333333333333334,3.0
2025,2,Chinese Grand Prix,Shanghai International Circuit,HAM,Lewis Hamilton,Ferrari,5,19,0.0,Disqualified,19,5,0,8.666666666666666,4.166666666666667,4.0
2025,2,Chinese Grand Prix,Shanghai International Circuit,LEC,Charles Leclerc,Ferrari,6,18,0.0,Disqualified,18,6,0,4.333333333333333,5.166666666666667,5.0
2025,2,Chinese Grand Prix,Shanghai International Circuit,HAD,Isack Hadjar,RB F1 Team,7,11,0.0,Finished,11,7,0,20.0,14.0,6.0
2025,2,Chinese Grand Prix,Shanghai International Circuit,ANT,Andrea Kimi Antonelli,Mercedes,8,6,8.0,Finished,6,8,0,4.0,5.333333333333333,7.0
2025,2,Chinese Grand Prix,Shanghai International Circuit,TSU,Yuki Tsunoda,RB F1 Team,9,16,0.0,Lapped,16,9,0,12.333333333333334,14.666666666666666,8.0
2025,2,Chinese Grand Prix,Shanghai International Circuit,ALB,Alexander Albon,Williams,10,7,6.0,Finished,7,10,0,10.333333333333334,13.833333333333334,9.0
2025,2,Chinese Grand Prix,Shanghai International Circuit,OCO,Esteban Ocon,Haas F1 Team,11,5,10.0,Finished,5,11,0,16.666666666666668,12.333333333333334,10.0
2025,2,Chinese Grand Prix,Shanghai International Circuit,HUL,Nico Hülkenberg,Sauber,12,15,0.0,Lapped,15,12,0,10.333333333333334,14.0,11.0
2025,2,Chinese Grand Prix,Shanghai International Circuit,ALO,Fernando Alonso,Aston Martin,13,17,0.0,Retired,17,13,0,11.0,13.333333333333334,12.0
2025,2,Chinese Grand Prix,Shanghai International Circuit,STR,Lance Stroll,Aston Martin,14,9,2.0,Finished,9,14,0,12.666666666666666,11.833333333333334,13.0
2025,2,Chinese Grand Prix,Shanghai International Circuit,SAI,Carlos Sainz,Williams,15,10,1.0,Finished,10,15,0,8.666666666666666,14.5,14.0
2025,2,Chinese Grand Prix,Shanghai International Circuit,GAS,Pierre Gasly,Alpine F1 Team,16,20,0.0,Disqualified,20,16,0,7.666666666666667,12.5,15.0
2025,2,Chinese Grand Prix,Shanghai International Circuit,BEA,Oliver Bearman,Haas F1 Team,17,8,4.0,Finished,8,17,0,12.0,12.666666666666666,16.0
2025,2,Chinese Grand Prix,Shanghai International Circuit,DOO,Jack Doohan,Alpine F1 Team,18,13,0.0,Finished,13,18,0,17.0,12.833333333333334,17.0
2025,2,Chinese Grand Prix,Shanghai International Circuit,BOR,Gabriel Bortoleto,Sauber,19,14,0.0,Lapped,14,19,0,16.0,12.166666666666666,18.0
2025,2,Chinese Grand Prix,Shanghai International Circuit,LAW,Liam Lawson,Red Bull,20,12,0.0,Finished,12,20,0,15.333333333333334,10.166666666666666,19.0
2025,3,Japanese Grand Prix,Suzuka Circuit,VER,Max Verstappen,Red Bull,1,1,25.0,Finished,1,1,1,4.0,10.666666666666666,0.0
2025,3,Japanese Grand Prix,Suzuka Circuit,NOR,Lando Norris,McLaren,2,2,18.0,Finished,2,2,0,1.3333333333333333,4.166666666666667,1.0
2025,3,Japanese Grand Prix,Suzuka Circuit,PIA,Oscar Piastri,McLaren,3,3,15.0,Finished,3,3,0,6.666666666666667,4.0,2.0
2025,3,Japanese Grand Prix,Suzuka Circuit,LEC,Charles Leclerc,Ferrari,4,4,12.0,Finished,4,4,0,9.666666666666666,8.0,3.0
2025,3,Japanese Grand Prix,Suzuka Circuit,RUS,George Russell,Mercedes,5,5,10.0,Finished,5,5,0,3.6666666666666665,5.166666666666667,4.0
2025,3,Japanese Grand Prix,Suzuka Circuit,ANT,Andrea Kimi Antonelli,Mercedes,6,6,8.0,Finished,6,6,0,5.0,4.166666666666667,5.0
2025,3,Japanese Grand Prix,Suzuka Circuit,HAD,Isack Hadjar,RB F1 Team,7,8,4.0,Finished,8,7,0,15.5,14.333333333333334,6.0
2025,3,Japanese Grand Prix,Suzuka Circuit,HAM,Lewis Hamilton,Ferrari,8,7,6.0,Finished,7,8,0,11.0,10.0,7.0
2025,3,Japanese Grand Prix,Suzuka Circuit,ALB,Alexander Albon,Williams,9,9,2.0,Finished,9,9,0,7.666666666666667,13.166666666666666,8.0
2025,3,Japanese Grand Prix,Suzuka Circuit,BEA,Oliver Bearman,Haas F1 Team,10,10,1.0,Finished,10,10,0,11.333333333333334,12.0,9.0
2025,3,Japanese Grand Prix,Suzuka Circuit,GAS,Pierre Gasly,Alpine F1 Team,11,13,0.0,Finished,13,11,0,12.666666666666666,15.333333333333334,10.0
2025,3,Japanese Grand Prix,Suzuka Circuit,ALO,Fernando Alonso,Aston Martin,12,11,0.0,Finished,11,12,0,14.333333333333334,13.5,11.0
2025,3,Japanese Grand Prix,Suzuka Circuit,LAW,Liam Lawson,RB F1 Team,13,17,0.0,Finished,17,13,0,14.666666666666666,14.666666666666666,12.0
2025,3,Japanese Grand Prix,Suzuka Circuit,TSU,Yuki Tsunoda,Red Bull,14,12,0.0,Finished,12,14,0,13.333333333333334,9.833333333333334,13.0
2025,3,Japanese Grand Prix,Suzuka Circuit,SAI,Carlos Sainz,Williams,15,14,0.0,Finished,14,15,0,10.0,11.666666666666666,14.0
2025,3,Japanese Grand Prix,Suzuka Circuit,HUL,Nico Hülkenberg,Sauber,16,16,0.0,Finished,16,16,0,10.0,13.333333333333334,15.0
2025,3,Japanese Grand Prix,Suzuka Circuit,BOR,Gabriel Bortoleto,Sauber,17,19,0.0,Finished,19,17,0,15.0,13.833333333333334,16.0
2025,3,Japanese Grand Prix,Suzuka Circuit,OCO,Esteban Ocon,Haas F1 Team,18,18,0.0,Finished,18,18,0,12.666666666666666,10.666666666666666,17.0
2025,3,Japanese Grand Prix,Suzuka Circuit,DOO,Jack Doohan,Alpine F1 Team,19,15,0.0,Finished,15,19,0,15.666666666666666,14.166666666666666,18.0
2025,3,Japanese Grand Prix,Suzuka Circuit,STR,Lance Stroll,Aston Martin,20,20,0.0,Lapped,20,20,0,9.666666666666666,12.0,19.0
2025,4,Bahrain Grand Prix,Bahrain International Circuit,PIA,Oscar Piastri,McLaren,1,1,25.0,Finished,1,1,1,4.333333333333333,4.166666666666667,0.0
2025,4,Bahrain Grand Prix,Bahrain International Circuit,LEC,Charles Leclerc,Ferrari,2,4,12.0,Finished,4,2,0,10.0,10.333333333333334,1.0
2025,4,Bahrain Grand Prix,Bahrain International Circuit,RUS,George Russell,Mercedes,3,2,18.0,Finished,2,3,0,3.6666666666666665,4.166666666666667,2.0
2025,4,Bahrain Grand Prix,Bahrain International Circuit,GAS,Pierre Gasly,Alpine F1 Team,4,7,6.0,Finished,7,4,0,14.666666666666666,15.166666666666666,3.0
2025,4,Bahrain Grand Prix,Bahrain International Circuit,ANT,Andrea Kimi Antonelli,Mercedes,5,11,0.0,Finished,11,5,0,5.333333333333333,4.5,4.0
2025,4,Bahrain Grand Prix,Bahrain International Circuit,NOR,Lando Norris,McLaren,6,3,15.0,Finished,3,6,0,1.6666666666666667,3.0,5.0
2025,4,Bahrain Grand Prix,Bahrain International Circuit,VER,Max Verstappen,Red Bull,7,6,8.0,Finished,6,7,0,2.3333333333333335,9.0,6.0
2025,4,Bahrain Grand Prix,Bahrain International Circuit,SAI,Carlos Sainz,Williams,8,19,0.0,Retired,19,8,0,14.0,11.333333333333334,7.0
2025,4,Bahrain Grand Prix,Bahrain International Circuit,HAM,Lewis Hamilton,Ferrari,9,5,10.0,Finished,5,9,0,12.0,11.0,8.0
2025,4,Bahrain Grand Prix,Bahrain International Circuit,TSU,Yuki Tsunoda,Red Bull,10,9,2.0,Finished,9,10,0,13.333333333333334,7.666666666666667,9.0
2025,4,Bahrain Grand Prix,Bahrain International Circuit,DOO,Jack Doohan,Alpine F1 Team,11,14,0.0,Finished,14,11,0,15.666666666666666,15.166666666666666,10.0
2025,4,Bahrain Grand Prix,Bahrain International Circuit,HAD,Isack Hadjar,RB F1 Team,12,13,0.0,Finished,13,12,0,13.0,14.0,11.0
2025,4,Bahrain Grand Prix,Bahrain International Circuit,ALO,Fernando Alonso,Aston Martin,13,15,0.0,Finished,15,13,0,15.0,12.333333333333334,12.0
2025,4,Bahrain Grand Prix,Bahrain International Circuit,OCO,Esteban Ocon,Haas F1 Team,14,8,4.0,Finished,8,14,0,12.0,11.0,13.0
2025,4,Bahrain Grand Prix,Bahrain International Circuit,ALB,Alexander Albon,Williams,15,12,0.0,Finished,12,15,0,7.0,10.5,14.0
2025,4,Bahrain Grand Prix,Bahrain International Circuit,HUL,Nico Hülkenberg,Sauber,16,20,0.0,Disqualified,20,16,0,12.666666666666666,13.5,15.0
2025,4,Bahrain Grand Prix,Bahrain International Circuit,LAW,Liam Lawson,RB F1 Team,17,16,0.0,Finished,16,17,0,14.666666666666666,14.0,16.0
2025,4,Bahrain Grand Prix,Bahrain International Circuit,BOR,Gabriel Bortoleto,Sauber,18,18,0.0,Finished,18,18,0,16.333333333333332,14.5,17.0
2025,4,Bahrain Grand Prix,Bahrain International Circuit,STR,Lance Stroll,Aston Martin,19,17,0.0,Finished,17,19,0,11.666666666666666,13.333333333333334,18.0
2025,4,Bahrain Grand Prix,Bahrain International Circuit,BEA,Oliver Bearman,Haas F1 Team,20,10,1.0,Finished,10,20,0,10.666666666666666,11.333333333333334,19.0
2025,5,Saudi Arabian Grand Prix,Jeddah Corniche Circuit,VER,Max Verstappen,Red Bull,1,2,18.0,Finished,2,1,0,3.6666666666666665,8.333333333333334,0.0
2025,5,Saudi Arabian Grand Prix,Jeddah Corniche Circuit,PIA,Oscar Piastri,McLaren,2,1,25.0,Finished,1,2,1,1.6666666666666667,3.0,1.0
2025,5,Saudi Arabian Grand Prix,Jeddah Corniche Circuit,RUS,George Russell,Mercedes,3,5,10.0,Finished,5,3,0,3.3333333333333335,4.333333333333333,2.0
2025,5,Saudi Arabian Grand Prix,Jeddah Corniche Circuit,LEC,Charles Leclerc,Ferrari,4,3,15.0,Finished,3,4,0,8.666666666666666,10.333333333333334,3.0
2025,5,Saudi Arabian Grand Prix,Jeddah Corniche Circuit,ANT,Andrea Kimi Antonelli,Mercedes,5,6,8.0,Finished,6,5,0,7.666666666666667,5.5,4.0
2025,5,Saudi Arabian Grand Prix,Jeddah Corniche Circuit,SAI,Carlos Sainz,Williams,6,8,4.0,Finished,8,6,0,14.333333333333334,12.833333333333334,5.0
2025,5,Saudi Arabian Grand Prix,Jeddah Corniche Circuit,HAM,Lewis Hamilton,Ferrari,7,7,6.0,Finished,7,7,0,10.333333333333334,9.5,6.0
2025,5,Saudi Arabian Grand Prix,Jeddah Corniche Circuit,TSU,Yuki Tsunoda,Red Bull,8,19,0.0,Retired,19,8,0,12.333333333333334,7.333333333333333,7.0
2025,5,Saudi Arabian Grand Prix,Jeddah Corniche Circuit,GAS,Pierre Gasly,Alpine F1 Team,9,20,0.0,Retired,20,9,0,13.333333333333334,14.5,8.0
2025,5,Saudi Arabian Grand Prix,Jeddah Corniche Circuit,NOR,Lando Norris,McLaren,10,4,12.0,Finished,4,10,0,2.3333333333333335,2.0,9.0
2025,5,Saudi Arabian Grand Prix,Jeddah Corniche Circuit,ALB,Alexander Albon,Williams,11,9,2.0,Finished,9,11,0,9.333333333333334,11.833333333333334,10.0
2025,5,Saudi Arabian Grand Prix,Jeddah Corniche Circuit,LAW,Liam Lawson,RB F1 Team,12,12,0.0,Finished,12,12,0,15.0,14.166666666666666,11.0
2025,5,Saudi Arabian Grand Prix,Jeddah Corniche Circuit,ALO,Fernando Alonso,Aston Martin,13,11,0.0,Finished,11,13,0,14.333333333333334,13.0,12.0
2025,5,Saudi Arabian Grand Prix,Jeddah Corniche Circuit,HAD,Isack Hadjar,RB F1 Team,14,10,1.0,Finished,10,14,0,10.666666666666666,13.5,13.0
2025,5,Saudi Arabian Grand Prix,Jeddah Corniche Circuit,BEA,Oliver Bearman,Haas F1 Team,15,13,0.0,Finished,13,15,0,9.333333333333334,10.5,14.0
2025,5,Saudi Arabian Grand Prix,Jeddah Corniche Circuit,STR,Lance Stroll,Aston Martin,16,16,0.0,Lapped,16,16,0,15.333333333333334,14.833333333333334,15.0
2025,5,Saudi Arabian Grand Prix,Jeddah Corniche Circuit,DOO,Jack Doohan,Alpine F1 Team,17,17,0.0,Lapped,17,17,0,14.0,13.666666666666666,16.0
2025,5,Saudi Arabian Grand Prix,Jeddah Corniche Circuit,HUL,Nico Hülkenberg,Sauber,18,15,0.0,Lapped,15,18,0,17.0,15.166666666666666,17.0
2025,5,Saudi Arabian Grand Prix,Jeddah Corniche Circuit,OCO,Esteban Ocon,Haas F1 Team,19,14,0.0,Finished,14,19,0,10.333333333333334,9.833333333333334,18.0
2025,5,Saudi Arabian Grand Prix,Jeddah Corniche Circuit,BOR,Gabriel Bortoleto,Sauber,20,18,0.0,Lapped,18,20,0,17.0,17.0,19.0
2025,6,Miami Grand Prix,Miami International Autodrome,VER,Max Verstappen,Red Bull,1,4,12.0,Finished,4,1,0,3.0,7.0,0.0
2025,6,Miami Grand Prix,Miami International Autodrome,NOR,Lando Norris,McLaren,2,2,18.0,Finished,2,2,0,3.0,2.0,1.0
2025,6,Miami Grand Prix,Miami International Autodrome,ANT,Andrea Kimi Antonelli,Mercedes,3,6,8.0,Finished,6,3,0,7.666666666666667,5.833333333333333,2.0
2025,6,Miami Grand Prix,Miami International Autodrome,PIA,Oscar Piastri,McLaren,4,1,25.0,Finished,1,4,1,1.6666666666666667,2.3333333333333335,3.0
2025,6,Miami Grand Prix,Miami International Autodrome,RUS,George Russell,Mercedes,5,3,15.0,Finished,3,5,0,4.0,5.833333333333333,4.0
2025,6,Miami Grand Prix,Miami International Autodrome,SAI,Carlos Sainz,Williams,6,9,2.0,Finished,9,6,0,13.666666666666666,12.0,5.0
2025,6,Miami Grand Prix,Miami International Autodrome,ALB,Alexander Albon,Williams,7,5,10.0,Finished,5,7,0,10.0,11.833333333333334,6.0
2025,6,Miami Grand Prix,Miami International Autodrome,LEC,Charles Leclerc,Ferrari,8,7,6.0,Finished,7,8,0,3.6666666666666665,6.833333333333333,7.0
2025,6,Miami Grand Prix,Miami International Autodrome,OCO,Esteban Ocon,Haas F1 Team,9,12,0.0,Finished,12,9,0,13.333333333333334,11.166666666666666,8.0
2025,6,Miami Grand Prix,Miami International Autodrome,TSU,Yuki Tsunoda,Red Bull,10,10,1.0,Finished,10,10,0,13.333333333333334,8.166666666666666,9.0
2025,6,Miami Grand Prix,Miami International Autodrome,HAD,Isack Hadjar,RB F1 Team,11,11,0.0,Finished,11,11,0,10.333333333333334,13.666666666666666,10.0
2025,6,Miami Grand Prix,Miami International Autodrome,HAM,Lewis Hamilton,Ferrari,12,8,4.0,Finished,8,12,0,6.333333333333333,5.0,11.0
2025,6,Miami Grand Prix,Miami International Autodrome,BOR,Gabriel Bortoleto,Sauber,13,18,0.0,Retired,18,13,0,18.333333333333332,17.0,12.0
2025,6,Miami Grand Prix,Miami International Autodrome,DOO,Jack Doohan,Alpine F1 Team,14,20,0.0,Retired,20,14,0,15.333333333333334,13.666666666666666,13.0
2025,6,Miami Grand Prix,Miami International Autodrome,LAW,Liam Lawson,RB F1 Team,15,17,0.0,Retired,17,15,0,15.0,12.666666666666666,14.0
2025,6,Miami Grand Prix,Miami International Autodrome,HUL,Nico Hülkenberg,Sauber,16,14,0.0,Lapped,14,16,0,17.0,17.666666666666668,15.0
2025,6,Miami Grand Prix,Miami International Autodrome,ALO,Fernando Alonso,Aston Martin,17,15,0.0,Lapped,15,17,0,12.333333333333334,13.833333333333334,16.0
2025,6,Miami Grand Prix,Miami International Autodrome,STR,Lance Stroll,Aston Martin,18,16,0.0,Lapped,16,18,0,17.666666666666668,15.0,17.0
2025,6,Miami Grand Prix,Miami International Autodrome,BEA,Oliver Bearman,Haas F1 Team,19,19,0.0,Retired,19,19,0,11.0,12.166666666666666,18.0
2025,6,Miami Grand Prix,Miami International Autodrome,GAS,Pierre Gasly,Alpine F1 Team,20,13,0.0,Finished,13,20,0,13.333333333333334,14.333333333333334,19.0
2025,7,Emilia Romagna Grand Prix,Autodromo Enzo e Dino Ferrari,PIA,Oscar Piastri,McLaren,1,3,15.0,Finished,3,1,0,1.0,2.3333333333333335,0.0
2025,7,Emilia Romagna Grand Prix,Autodromo Enzo e Dino Ferrari,VER,Max Verstappen,Red Bull,2,1,25.0,Finished,1,2,1,4.0,8.666666666666666,1.0
2025,7,Emilia Romagna Grand Prix,Autodromo Enzo e Dino Ferrari,RUS,George Russell,Mercedes,3,7,6.0,Finished,7,3,0,3.3333333333333335,6.0,2.0
2025,7,Emilia Romagna Grand Prix,Autodromo Enzo e Dino Ferrari,NOR,Lando Norris,McLaren,4,2,18.0,Finished,2,4,0,3.0,2.0,3.0
2025,7,Emilia Romagna Grand Prix,Autodromo Enzo e Dino Ferrari,ALO,Fernando Alonso,Aston Martin,5,11,0.0,Finished,11,5,0,13.666666666666666,15.666666666666666,4.0
2025,7,Emilia Romagna Grand Prix,Autodromo Enzo e Dino Ferrari,SAI,Carlos Sainz,Williams,6,8,4.0,Finished,8,6,0,12.0,11.833333333333334,5.0
2025,7,Emilia Romagna Grand Prix,Autodromo Enzo e Dino Ferrari,ALB,Alexander Albon,Williams,7,5,10.0,Finished,5,7,0,8.666666666666666,10.333333333333334,6.0
2025,7,Emilia Romagna Grand Prix,Autodromo Enzo e Dino Ferrari,STR,Lance Stroll,Aston Martin,8,15,0.0,Finished,15,8,0,16.333333333333332,15.0,7.0
2025,7,Emilia Romagna Grand Prix,Autodromo Enzo e Dino Ferrari,HAD,Isack Hadjar,RB F1 Team,9,9,2.0,Finished,9,9,0,11.333333333333334,13.166666666666666,8.0
2025,7,Emilia Romagna Grand Prix,Autodromo Enzo e Dino Ferrari,GAS,Pierre Gasly,Alpine F1 Team,10,13,0.0,Finished,13,10,0,13.333333333333334,15.5,9.0
2025,7,Emilia Romagna Grand Prix,Autodromo Enzo e Dino Ferrari,LEC,Charles Leclerc,Ferrari,11,6,8.0,Finished,6,11,0,4.666666666666667,5.5,10.0
2025,7,Emilia Romagna Grand Prix,Autodromo Enzo e Dino Ferrari,HAM,Lewis Hamilton,Ferrari,12,4,12.0,Finished,4,12,0,6.666666666666667,5.666666666666667,11.0
2025,7,Emilia Romagna Grand Prix,Autodromo Enzo e Dino Ferrari,ANT,Andrea Kimi Antonelli,Mercedes,13,19,0.0,Retired,19,13,0,7.666666666666667,5.5,12.0
2025,7,Emilia Romagna Grand Prix,Autodromo Enzo e Dino Ferrari,BOR,Gabriel Bortoleto,Sauber,14,18,0.0,Finished,18,14,0,18.0,18.0,13.0
2025,7,Emilia Romagna Grand Prix,Autodromo Enzo e Dino Ferrari,LAW,Liam Lawson,RB F1 Team,15,14,0.0,Finished,14,15,0,15.0,13.166666666666666,14.0
2025,7,Emilia Romagna Grand Prix,Autodromo Enzo e Dino Ferrari,COL,Franco Colapinto,Alpine F1 Team,16,16,0.0,Finished,16,16,0,17.333333333333332,15.166666666666666,15.0
2025,7,Emilia Romagna Grand Prix,Autodromo Enzo e Dino Ferrari,HUL,Nico Hülkenberg,Sauber,17,12,0.0,Finished,12,17,0,16.333333333333332,17.166666666666668,16.0
2025,7,Emilia Romagna Grand Prix,Autodromo Enzo e Dino Ferrari,OCO,Esteban Ocon,Haas F1 Team,18,20,0.0,Retired,20,18,0,11.333333333333334,12.5,17.0
2025,7,Emilia Romagna Grand Prix,Autodromo Enzo e Dino Ferrari,BEA,Oliver Bearman,Haas F1 Team,19,17,0.0,Finished,17,19,0,14.0,12.666666666666666,18.0
2025,7,Emilia Romagna Grand Prix,Autodromo Enzo e Dino Ferrari,TSU,Yuki Tsunoda,Red Bull,20,10,1.0,Finished,10,20,0,12.666666666666666,8.333333333333334,19.0
2025,8,Monaco Grand Prix,Circuit de Monaco,NOR,Lando Norris,McLaren,1,1,25.0,Finished,1,1,1,2.6666666666666665,2.3333333333333335,0.0
2025,8,Monaco Grand Prix,Circuit de Monaco,LEC,Charles Leclerc,Ferrari,2,2,18.0,Finished,2,2,0,5.333333333333333,6.0,1.0
2025,8,Monaco Grand Prix,Circuit de Monaco,PIA,Oscar Piastri,McLaren,3,3,15.0,Finished,3,3,0,1.6666666666666667,2.1666666666666665,2.0
2025,8,Monaco Grand Prix,Circuit de Monaco,VER,Max Verstappen,Red Bull,4,4,12.0,Finished,4,4,0,2.3333333333333335,7.5,3.0
2025,8,Monaco Grand Prix,Circuit de Monaco,HAD,Isack Hadjar,RB F1 Team,5,6,8.0,Lapped,6,5,0,10.0,12.5,4.0
2025,8,Monaco Grand Prix,Circuit de Monaco,ALO,Fernando Alonso,Aston Martin,6,19,0.0,Retired,19,6,0,12.333333333333334,14.333333333333334,5.0
2025,8,Monaco Grand Prix,Circuit de Monaco,HAM,Lewis Hamilton,Ferrari,7,5,10.0,Finished,5,7,0,6.333333333333333,5.833333333333333,6.0
2025,8,Monaco Grand Prix,Circuit de Monaco,OCO,Esteban Ocon,Haas F1 Team,8,7,6.0,Lapped,7,8,0,15.333333333333334,14.666666666666666,7.0
2025,8,Monaco Grand Prix,Circuit de Monaco,LAW,Liam Lawson,RB F1 Team,9,8,4.0,Lapped,8,9,0,14.333333333333334,12.166666666666666,8.0
2025,8,Monaco Grand Prix,Circuit de Monaco,ALB,Alexander Albon,Williams,10,9,2.0,Lapped,9,10,0,6.333333333333333,8.5,9.0
2025,8,Monaco Grand Prix,Circuit de Monaco,SAI,Carlos Sainz,Williams,11,10,1.0,Lapped,10,11,0,8.333333333333334,7.333333333333333,10.0
2025,8,Monaco Grand Prix,Circuit de Monaco,TSU,Yuki Tsunoda,Red Bull,12,17,0.0,Lapped,17,12,0,13.0,7.666666666666667,11.0
2025,8,Monaco Grand Prix,Circuit de Monaco,HUL,Nico Hülkenberg,Sauber,13,16,0.0,Lapped,16,13,0,13.666666666666666,16.833333333333332,12.0
2025,8,Monaco Grand Prix,Circuit de Monaco,RUS,George Russell,Mercedes,14,11,0.0,Lapped,11,14,0,5.0,6.333333333333333,13.0
2025,8,Monaco Grand Prix,Circuit de Monaco,ANT,Andrea Kimi Antonelli,Mercedes,15,18,0.0,Lapped,18,15,0,10.333333333333334,7.666666666666667,14.0
2025,8,Monaco Grand Prix,Circuit de Monaco,BOR,Gabriel Bortoleto,Sauber,16,14,0.0,Lapped,14,16,0,18.0,15.833333333333334,15.0
2025,8,Monaco Grand Prix,Circuit de Monaco,GAS,Pierre Gasly,Alpine F1 Team,17,20,0.0,Retired,20,17,0,15.333333333333334,16.166666666666668,16.0
2025,8,Monaco Grand Prix,Circuit de Monaco,COL,Franco Colapinto,Alpine F1 Team,18,13,0.0,Lapped,13,18,0,18.0,16.5,17.0
2025,8,Monaco Grand Prix,Circuit de Monaco,STR,Lance Stroll,Aston Martin,19,15,0.0,Lapped,15,19,0,15.666666666666666,14.0,18.0
2025,8,Monaco Grand Prix,Circuit de Monaco,BEA,Oliver Bearman,Haas F1 Team,20,12,0.0,Lapped,12,20,0,16.333333333333332,15.833333333333334,19.0
2025,9,Spanish Grand Prix,Circuit de Barcelona-Catalunya,PIA,Oscar Piastri,McLaren,1,1,25.0,Finished,1,1,1,2.3333333333333335,2.1666666666666665,0.0
2025,9,Spanish Grand Prix,Circuit de Barcelona-Catalunya,NOR,Lando Norris,McLaren,2,2,18.0,Finished,2,2,0,1.6666666666666667,2.0,1.0
2025,9,Spanish Grand Prix,Circuit de Barcelona-Catalunya,VER,Max Verstappen,Red Bull,3,10,1.0,Finished,10,3,0,3.0,8.0,2.0
2025,9,Spanish Grand Prix,Circuit de Barcelona-Catalunya,RUS,George Russell,Mercedes,4,4,12.0,Finished,4,4,0,7.0,8.666666666666666,3.0
2025,9,Spanish Grand Prix,Circuit de Barcelona-Catalunya,HAM,Lewis Hamilton,Ferrari,5,6,8.0,Finished,6,5,0,5.666666666666667,5.666666666666667,4.0
2025,9,Spanish Grand Prix,Circuit de Barcelona-Catalunya,ANT,Andrea Kimi Antonelli,Mercedes,6,18,0.0,Retired,18,6,0,14.333333333333334,10.666666666666666,5.0
2025,9,Spanish Grand Prix,Circuit de Barcelona-Catalunya,LEC,Charles Leclerc,Ferrari,7,3,15.0,Finished,3,7,0,5.0,5.333333333333333,6.0
2025,9,Spanish Grand Prix,Circuit de Barcelona-Catalunya,GAS,Pierre Gasly,Alpine F1 Team,8,8,4.0,Finished,8,8,0,15.333333333333334,16.5,7.0
2025,9,Spanish Grand Prix,Circuit de Barcelona-Catalunya,HAD,Isack Hadjar,RB F1 Team,9,7,6.0,Finished,7,9,0,8.666666666666666,11.166666666666666,8.0
2025,9,Spanish Grand Prix,Circuit de Barcelona-Catalunya,ALO,Fernando Alonso,Aston Martin,10,9,2.0,Finished,9,10,0,15.0,15.333333333333334,9.0
2025,9,Spanish Grand Prix,Circuit de Barcelona-Catalunya,ALB,Alexander Albon,Williams,11,19,0.0,Retired,19,11,0,6.333333333333333,7.5,10.0
2025,9,Spanish Grand Prix,Circuit de Barcelona-Catalunya,BOR,Gabriel Bortoleto,Sauber,12,12,0.0,Finished,12,12,0,16.666666666666668,16.0,11.0
2025,9,Spanish Grand Prix,Circuit de Barcelona-Catalunya,LAW,Liam Lawson,RB F1 Team,13,11,0.0,Finished,11,13,0,13.0,10.833333333333334,12.0
2025,9,Spanish Grand Prix,Circuit de Barcelona-Catalunya,BEA,Oliver Bearman,Haas F1 Team,14,17,0.0,Finished,17,14,0,16.0,14.833333333333334,13.0
2025,9,Spanish Grand Prix,Circuit de Barcelona-Catalunya,HUL,Nico Hülkenberg,Sauber,15,5,10.0,Finished,5,15,0,14.0,15.333333333333334,14.0
2025,9,Spanish Grand Prix,Circuit de Barcelona-Catalunya,OCO,Esteban Ocon,Haas F1 Team,16,16,0.0,Finished,16,16,0,13.0,14.5,15.0
2025,9,Spanish Grand Prix,Circuit de Barcelona-Catalunya,SAI,Carlos Sainz,Williams,17,14,0.0,Finished,14,17,0,9.0,7.666666666666667,16.0
2025,9,Spanish Grand Prix,Circuit de Barcelona-Catalunya,COL,Franco Colapinto,Alpine F1 Team,18,15,0.0,Finished,15,18,0,16.0,15.833333333333334,17.0
2025,9,Spanish Grand Prix,Circuit de Barcelona-Catalunya,TSU,Yuki Tsunoda,Red Bull,19,13,0.0,Finished,13,19,0,12.333333333333334,7.666666666666667,18.0
2025,10,Canadian Grand Prix,Circuit Gilles Villeneuve,RUS,George Russell,Mercedes,1,1,25.0,Finished,1,1,1,7.333333333333333,10.333333333333334,0.0
2025,10,Canadian Grand Prix,Circuit Gilles Villeneuve,VER,Max Verstappen,Red Bull,2,2,18.0,Finished,2,2,0,5.0,8.666666666666666,1.0
2025,10,Canadian Grand Prix,Circuit Gilles Villeneuve,PIA,Oscar Piastri,McLaren,3,4,12.0,Finished,4,3,0,2.3333333333333335,1.8333333333333333,2.0
2025,10,Canadian Grand Prix,Circuit Gilles Villeneuve,ANT,Andrea Kimi Antonelli,Mercedes,4,3,15.0,Finished,3,4,0,18.333333333333332,12.833333333333334,3.0
2025,10,Canadian Grand Prix,Circuit Gilles Villeneuve,HAM,Lewis Hamilton,Ferrari,5,6,8.0,Finished,6,5,0,5.0,5.166666666666667,4.0
2025,10,Canadian Grand Prix,Circuit Gilles Villeneuve,ALO,Fernando Alonso,Aston Martin,6,7,6.0,Finished,7,6,0,13.0,15.166666666666666,5.0
2025,10,Canadian Grand Prix,Circuit Gilles Villeneuve,NOR,Lando Norris,McLaren,7,18,0.0,Retired,18,7,0,1.6666666666666667,2.0,6.0
2025,10,Canadian Grand Prix,Circuit Gilles Villeneuve,LEC,Charles Leclerc,Ferrari,8,5,10.0,Finished,5,8,0,3.6666666666666665,4.333333333333333,7.0
2025,10,Canadian Grand Prix,Circuit Gilles Villeneuve,ALB,Alexander Albon,Williams,9,20,0.0,Retired,20,9,0,11.0,9.333333333333334,8.0
2025,10,Canadian Grand Prix,Circuit Gilles Villeneuve,COL,Franco Colapinto,Alpine F1 Team,10,13,0.0,Lapped,13,10,0,14.666666666666666,13.833333333333334,9.0
2025,10,Canadian Grand Prix,Circuit Gilles Villeneuve,HUL,Nico Hülkenberg,Sauber,11,8,4.0,Finished,8,11,0,11.0,14.333333333333334,10.0
2025,10,Canadian Grand Prix,Circuit Gilles Villeneuve,HAD,Isack Hadjar,RB F1 Team,12,16,0.0,Lapped,16,12,0,7.333333333333333,10.166666666666666,11.0
2025,10,Canadian Grand Prix,Circuit Gilles Villeneuve,BEA,Oliver Bearman,Haas F1 Team,13,11,0.0,Lapped,11,13,0,15.333333333333334,15.333333333333334,12.0
2025,10,Canadian Grand Prix,Circuit Gilles Villeneuve,OCO,Esteban Ocon,Haas F1 Team,14,9,2.0,Lapped,9,14,0,14.333333333333334,14.833333333333334,13.0
2025,10,Canadian Grand Prix,Circuit Gilles Villeneuve,BOR,Gabriel Bortoleto,Sauber,15,14,0.0,Lapped,14,15,0,14.666666666666666,12.833333333333334,14.0
2025,10,Canadian Grand Prix,Circuit Gilles Villeneuve,SAI,Carlos Sainz,Williams,16,10,1.0,Lapped,10,16,0,10.666666666666666,10.833333333333334,15.0
2025,10,Canadian Grand Prix,Circuit Gilles Villeneuve,STR,Lance Stroll,Aston Martin,17,17,0.0,Lapped,17,17,0,15.333333333333334,14.166666666666666,16.0
2025,10,Canadian Grand Prix,Circuit Gilles Villeneuve,TSU,Yuki Tsunoda,Red Bull,18,12,0.0,Lapped,12,18,0,13.333333333333334,9.166666666666666,17.0
2025,10,Canadian Grand Prix,Circuit Gilles Villeneuve,LAW,Liam Lawson,RB F1 Team,19,19,0.0,Retired,19,19,0,11.0,9.166666666666666,18.0
2025,10,Canadian Grand Prix,Circuit Gilles Villeneuve,GAS,Pierre Gasly,Alpine F1 Team,20,15,0.0,Lapped,15,20,0,13.666666666666666,14.166666666666666,19.0
2025,11,Austrian Grand Prix,Red Bull Ring,NOR,Lando Norris,McLaren,1,1,25.0,Finished,1,1,1,7.0,2.1666666666666665,0.0
2025,11,Austrian Grand Prix,Red Bull Ring,LEC,Charles Leclerc,Ferrari,2,3,15.0,Finished,3,2,0,3.3333333333333335,4.333333333333333,1.0
2025,11,Austrian Grand Prix,Red Bull Ring,PIA,Oscar Piastri,McLaren,3,2,18.0,Finished,2,3,0,2.6666666666666665,4.833333333333333,2.0
2025,11,Austrian Grand Prix,Red Bull Ring,HAM,Lewis Hamilton,Ferrari,4,4,12.0,Finished,4,4,0,5.666666666666667,4.5,3.0
2025,11,Austrian Grand Prix,Red Bull Ring,RUS,George Russell,Mercedes,5,5,10.0,Finished,5,5,0,5.333333333333333,11.833333333333334,4.0
2025,11,Austrian Grand Prix,Red Bull Ring,LAW,Liam Lawson,RB F1 Team,6,6,8.0,Finished,6,6,0,12.666666666666666,10.333333333333334,5.0
2025,11,Austrian Grand Prix,Red Bull Ring,VER,Max Verstappen,Red Bull,7,18,0.0,Retired,18,7,0,5.333333333333333,9.333333333333334,6.0
2025,11,Austrian Grand Prix,Red Bull Ring,BOR,Gabriel Bortoleto,Sauber,8,8,4.0,Lapped,8,8,0,13.333333333333334,11.166666666666666,7.0
2025,11,Austrian Grand Prix,Red Bull Ring,ANT,Andrea Kimi Antonelli,Mercedes,9,19,0.0,Retired,19,9,0,13.0,9.166666666666666,8.0
2025,11,Austrian Grand Prix,Red Bull Ring,GAS,Pierre Gasly,Alpine F1 Team,10,13,0.0,Lapped,13,10,0,14.333333333333334,14.166666666666666,9.0
2025,11,Austrian Grand Prix,Red Bull Ring,ALO,Fernando Alonso,Aston Martin,11,7,6.0,Lapped,7,11,0,11.666666666666666,12.666666666666666,10.0
2025,11,Austrian Grand Prix,Red Bull Ring,ALB,Alexander Albon,Williams,12,17,0.0,Retired,17,12,0,16.0,12.833333333333334,11.0
2025,11,Austrian Grand Prix,Red Bull Ring,HAD,Isack Hadjar,RB F1 Team,13,12,0.0,Lapped,12,13,0,9.666666666666666,11.166666666666666,12.0
2025,11,Austrian Grand Prix,Red Bull Ring,COL,Franco Colapinto,Alpine F1 Team,14,15,0.0,Lapped,15,14,0,13.666666666666666,14.0,13.0
2025,11,Austrian Grand Prix,Red Bull Ring,BEA,Oliver Bearman,Haas F1 Team,15,11,0.0,Lapped,11,15,0,13.333333333333334,13.333333333333334,14.0
2025,11,Austrian Grand Prix,Red Bull Ring,STR,Lance Stroll,Aston Martin,16,14,0.0,Lapped,14,16,0,15.666666666666666,13.666666666666666,15.0
2025,11,Austrian Grand Prix,Red Bull Ring,OCO,Esteban Ocon,Haas F1 Team,17,10,1.0,Lapped,10,17,0,10.666666666666666,12.0,16.0
2025,11,Austrian Grand Prix,Red Bull Ring,TSU,Yuki Tsunoda,Red Bull,18,16,0.0,Lapped,16,18,0,14.0,9.666666666666666,17.0
2025,11,Austrian Grand Prix,Red Bull Ring,SAI,Carlos Sainz,Williams,19,20,0.0,Did not start,20,19,0,11.333333333333334,13.666666666666666,18.0
2025,11,Austrian Grand Prix,Red Bull Ring,HUL,Nico Hülkenberg,Sauber,20,9,2.0,Lapped,9,20,0,9.666666666666666,11.5,19.0
2025,12,British Grand Prix,Silverstone Circuit,VER,Max Verstappen,Red Bull,1,5,10.0,Finished,5,1,0,10.0,12.0,0.0
2025,12,British Grand Prix,Silverstone Circuit,PIA,Oscar Piastri,McLaren,2,2,18.0,Finished,2,2,0,2.3333333333333335,4.833333333333333,1.0
2025,12,British Grand Prix,Silverstone Circuit,NOR,Lando Norris,McLaren,3,1,25.0,Finished,1,3,1,7.0,4.666666666666667,2.0
2025,12,British Grand Prix,Silverstone Circuit,RUS,George Russell,Mercedes,4,10,1.0,Finished,10,4,0,3.3333333333333335,8.166666666666666,3.0
2025,12,British Grand Prix,Silverstone Circuit,HAM,Lewis Hamilton,Ferrari,5,4,12.0,Finished,4,5,0,5.333333333333333,4.666666666666667,4.0
2025,12,British Grand Prix,Silverstone Circuit,LEC,Charles Leclerc,Ferrari,6,14,0.0,Finished,14,6,0,3.6666666666666665,4.5,5.0
2025,12,British Grand Prix,Silverstone Circuit,ALO,Fernando Alonso,Aston Martin,7,9,2.0,Finished,9,7,0,7.666666666666667,12.333333333333334,6.0
2025,12,British Grand Prix,Silverstone Circuit,GAS,Pierre Gasly,Alpine F1 Team,8,6,8.0,Finished,6,8,0,12.0,12.833333333333334,7.0
2025,12,British Grand Prix,Silverstone Circuit,SAI,Carlos Sainz,Williams,9,12,0.0,Finished,12,9,0,14.666666666666666,15.0,8.0
2025,12,British Grand Prix,Silverstone Circuit,ANT,Andrea Kimi Antonelli,Mercedes,10,16,0.0,Retired,16,10,0,13.333333333333334,8.333333333333334,9.0
2025,12,British Grand Prix,Silverstone Circuit,TSU,Yuki Tsunoda,Red Bull,11,15,0.0,Lapped,15,11,0,13.666666666666666,11.833333333333334,10.0
2025,12,British Grand Prix,Silverstone Circuit,HAD,Isack Hadjar,RB F1 Team,12,17,0.0,Retired,17,12,0,11.666666666666666,11.166666666666666,11.0
2025,12,British Grand Prix,Silverstone Circuit,ALB,Alexander Albon,Williams,13,8,4.0,Finished,8,13,0,18.666666666666668,16.666666666666668,12.0
2025,12,British Grand Prix,Silverstone Circuit,OCO,Esteban Ocon,Haas F1 Team,14,13,0.0,Finished,13,14,0,11.666666666666666,12.666666666666666,13.0
2025,12,British Grand Prix,Silverstone Circuit,LAW,Liam Lawson,RB F1 Team,15,19,0.0,Retired,19,15,0,12.0,11.833333333333334,14.0
2025,12,British Grand Prix,Silverstone Circuit,BOR,Gabriel Bortoleto,Sauber,16,18,0.0,Retired,18,16,0,11.333333333333334,10.166666666666666,15.0
2025,12,British Grand Prix,Silverstone Circuit,STR,Lance Stroll,Aston Martin,17,7,6.0,Finished,7,17,0,15.333333333333334,11.5,16.0
2025,12,British Grand Prix,Silverstone Circuit,BEA,Oliver Bearman,Haas F1 Team,18,11,0.0,Finished,11,18,0,13.0,12.333333333333334,17.0
2025,12,British Grand Prix,Silverstone Circuit,HUL,Nico Hülkenberg,Sauber,19,3,15.0,Finished,3,19,0,7.333333333333333,9.333333333333334,18.0
2025,12,British Grand Prix,Silverstone Circuit,COL,Franco Colapinto,Alpine F1 Team,20,20,0.0,Did not start,20,20,0,14.333333333333334,13.166666666666666,19.0
2025,13,Belgian Grand Prix,Circuit de Spa-Francorchamps,NOR,Lando Norris,McLaren,1,2,18.0,Finished,2,1,0,6.666666666666667,4.833333333333333,0.0
2025,13,Belgian Grand Prix,Circuit de Spa-Francorchamps,PIA,Oscar Piastri,McLaren,2,1,25.0,Finished,1,2,1,2.6666666666666665,4.666666666666667,1.0
2025,13,Belgian Grand Prix,Circuit de Spa-Francorchamps,LEC,Charles Leclerc,Ferrari,3,3,15.0,Finished,3,3,0,7.333333333333333,4.166666666666667,2.0
2025,13,Belgian Grand Prix,Circuit de Spa-Francorchamps,VER,Max Verstappen,Red Bull,4,4,12.0,Finished,4,4,0,8.333333333333334,11.0,3.0
2025,13,Belgian Grand Prix,Circuit de Spa-Francorchamps,ALB,Alexander Albon,Williams,5,6,8.0,Finished,6,5,0,15.0,15.5,4.0
2025,13,Belgian Grand Prix,Circuit de Spa-Francorchamps,RUS,George Russell,Mercedes,6,5,10.0,Finished,5,6,0,5.333333333333333,9.333333333333334,5.0
2025,13,Belgian Grand Prix,Circuit de Spa-Francorchamps,TSU,Yuki Tsunoda,Red Bull,7,13,0.0,Finished,13,7,0,14.333333333333334,11.333333333333334,6.0
2025,13,Belgian Grand Prix,Circuit de Spa-Francorchamps,HAD,Isack Hadjar,RB F1 Team,8,20,0.0,Lapped,20,8,0,15.0,13.5,7.0
2025,13,Belgian Grand Prix,Circuit de Spa-Francorchamps,LAW,Liam Lawson,RB F1 Team,9,8,4.0,Finished,8,9,0,14.666666666666666,14.833333333333334,8.0
2025,13,Belgian Grand Prix,Circuit de Spa-Francorchamps,BOR,Gabriel Bortoleto,Sauber,10,9,2.0,Finished,9,10,0,13.333333333333334,10.333333333333334,9.0
2025,13,Belgian Grand Prix,Circuit de Spa-Francorchamps,OCO,Esteban Ocon,Haas F1 Team,11,15,0.0,Finished,15,11,0,10.666666666666666,11.666666666666666,10.0
2025,13,Belgian Grand Prix,Circuit de Spa-Francorchamps,BEA,Oliver Bearman,Haas F1 Team,12,11,0.0,Finished,11,12,0,11.0,10.833333333333334,11.0
2025,13,Belgian Grand Prix,Circuit de Spa-Francorchamps,GAS,Pierre Gasly,Alpine F1 Team,13,10,1.0,Finished,10,13,0,11.333333333333334,12.833333333333334,12.0
2025,13,Belgian Grand Prix,Circuit de Spa-Francorchamps,HUL,Nico Hülkenberg,Sauber,14,12,0.0,Finished,12,14,0,6.666666666666667,10.0,13.0
2025,13,Belgian Grand Prix,Circuit de Spa-Francorchamps,COL,Franco Colapinto,Alpine F1 Team,15,19,0.0,Finished,19,15,0,16.0,13.666666666666666,14.0
2025,13,Belgian Grand Prix,Circuit de Spa-Francorchamps,STR,Lance Stroll,Aston Martin,16,14,0.0,Finished,14,16,0,12.666666666666666,10.5,15.0
2025,13,Belgian Grand Prix,Circuit de Spa-Francorchamps,SAI,Carlos Sainz,Williams,17,18,0.0,Finished,18,17,0,14.0,14.5,16.0
2025,13,Belgian Grand Prix,Circuit de Spa-Francorchamps,HAM,Lewis Hamilton,Ferrari,18,7,6.0,Finished,7,18,0,4.666666666666667,6.0,17.0
2025,13,Belgian Grand Prix,Circuit de Spa-Francorchamps,ANT,Andrea Kimi Antonelli,Mercedes,19,16,0.0,Finished,16,19,0,12.666666666666666,9.0,18.0
2025,13,Belgian Grand Prix,Circuit de Spa-Francorchamps,ALO,Fernando Alonso,Aston Martin,20,17,0.0,Finished,17,20,0,7.666666666666667,10.166666666666666,19.0
2025,14,Hungarian Grand Prix,Hungaroring,LEC,Charles Leclerc,Ferrari,1,4,12.0,Finished,4,1,0,6.666666666666667,5.5,0.0
2025,14,Hungarian Grand Prix,Hungaroring,PIA,Oscar Piastri,McLaren,2,2,18.0,Finished,2,2,0,1.6666666666666667,4.333333333333333,1.0
2025,14,Hungarian Grand Prix,Hungaroring,NOR,Lando Norris,McLaren,3,1,25.0,Finished,1,3,1,1.3333333333333333,1.5,2.0
2025,14,Hungarian Grand Prix,Hungaroring,RUS,George Russell,Mercedes,4,3,15.0,Finished,3,4,0,6.666666666666667,9.666666666666666,3.0
2025,14,Hungarian Grand Prix,Hungaroring,ALO,Fernando Alonso,Aston Martin,5,5,10.0,Finished,5,5,0,11.0,11.333333333333334,4.0
2025,14,Hungarian Grand Prix,Hungaroring,STR,Lance Stroll,Aston Martin,6,7,6.0,Finished,7,6,0,11.666666666666666,11.333333333333334,5.0
2025,14,Hungarian Grand Prix,Hungaroring,BOR,Gabriel Bortoleto,Sauber,7,6,8.0,Finished,6,7,0,11.666666666666666,10.166666666666666,6.0
2025,14,Hungarian Grand Prix,Hungaroring,VER,Max Verstappen,Red Bull,8,9,2.0,Finished,9,8,0,9.0,11.666666666666666,7.0
2025,14,Hungarian Grand Prix,Hungaroring,LAW,Liam Lawson,RB F1 Team,9,8,4.0,Finished,8,9,0,11.0,15.5,8.0
2025,14,Hungarian Grand Prix,Hungaroring,HAD,Isack Hadjar,RB F1 Team,10,11,0.0,Lapped,11,10,0,16.333333333333332,13.666666666666666,9.0
2025,14,Hungarian Grand Prix,Hungaroring,BEA,Oliver Bearman,Haas F1 Team,11,20,0.0,Retired,20,11,0,11.0,11.5,10.0
2025,14,Hungarian Grand Prix,Hungaroring,HAM,Lewis Hamilton,Ferrari,12,12,0.0,Lapped,12,12,0,5.0,5.833333333333333,11.0
2025,14,Hungarian Grand Prix,Hungaroring,SAI,Carlos Sainz,Williams,13,14,0.0,Lapped,14,13,0,16.666666666666668,12.166666666666666,12.0
2025,14,Hungarian Grand Prix,Hungaroring,COL,Franco Colapinto,Alpine F1 Team,14,18,0.0,Lapped,18,14,0,18.0,13.166666666666666,13.0
2025,14,Hungarian Grand Prix,Hungaroring,ANT,Andrea Kimi Antonelli,Mercedes,15,10,1.0,Lapped,10,15,0,17.0,11.833333333333334,14.0
2025,14,Hungarian Grand Prix,Hungaroring,GAS,Pierre Gasly,Alpine F1 Team,16,19,0.0,Lapped,19,16,0,9.666666666666666,13.833333333333334,15.0
2025,14,Hungarian Grand Prix,Hungaroring,OCO,Esteban Ocon,Haas F1 Team,17,16,0.0,Lapped,16,17,0,12.666666666666666,11.833333333333334,16.0
2025,14,Hungarian Grand Prix,Hungaroring,HUL,Nico Hülkenberg,Sauber,18,13,0.0,Lapped,13,18,0,8.0,9.833333333333334,17.0
2025,14,Hungarian Grand Prix,Hungaroring,ALB,Alexander Albon,Williams,19,15,0.0,Lapped,15,19,0,10.333333333333334,13.5,18.0
2025,14,Hungarian Grand Prix,Hungaroring,TSU,Yuki Tsunoda,Red Bull,20,17,0.0,Lapped,17,20,0,14.666666666666666,11.833333333333334,19.0
2025,15,Dutch Grand Prix,Circuit Park Zandvoort,PIA,Oscar Piastri,McLaren,1,1,25.0,Finished,1,1,1,1.6666666666666667,1.6666666666666667,0.0
2025,15,Dutch Grand Prix,Circuit Park Zandvoort,NOR,Lando Norris,McLaren,2,18,0.0,Retired,18,2,0,1.3333333333333333,1.5,1.0
2025,15,Dutch Grand Prix,Circuit Park Zandvoort,VER,Max Verstappen,Red Bull,3,2,18.0,Finished,2,3,0,6.0,10.333333333333334,2.0
2025,15,Dutch Grand Prix,Circuit Park Zandvoort,HAD,Isack Hadjar,RB F1 Team,4,3,15.0,Finished,3,4,0,16.0,14.0,3.0
2025,15,Dutch Grand Prix,Circuit Park Zandvoort,RUS,George Russell,Mercedes,5,4,12.0,Finished,4,5,0,6.0,11.5,4.0
2025,15,Dutch Grand Prix,Circuit Park Zandvoort,LEC,Charles Leclerc,Ferrari,6,19,0.0,Retired,19,6,0,7.0,6.0,5.0
2025,15,Dutch Grand Prix,Circuit Park Zandvoort,HAM,Lewis Hamilton,Ferrari,7,20,0.0,Retired,20,7,0,7.666666666666667,7.333333333333333,6.0
2025,15,Dutch Grand Prix,Circuit Park Zandvoort,LAW,Liam Lawson,RB F1 Team,8,12,0.0,Finished,12,8,0,11.666666666666666,13.833333333333334,7.0
2025,15,Dutch Grand Prix,Circuit Park Zandvoort,SAI,Carlos Sainz,Williams,9,13,0.0,Finished,13,9,0,14.666666666666666,13.0,8.0
2025,15,Dutch Grand Prix,Circuit Park Zandvoort,ALO,Fernando Alonso,Aston Martin,10,8,4.0,Finished,8,10,0,10.333333333333334,11.0,9.0
2025,15,Dutch Grand Prix,Circuit Park Zandvoort,ANT,Andrea Kimi Antonelli,Mercedes,11,16,0.0,Finished,16,11,0,14.0,10.0,10.0
2025,15,Dutch Grand Prix,Circuit Park Zandvoort,TSU,Yuki Tsunoda,Red Bull,12,9,2.0,Finished,9,12,0,15.0,10.5,11.0
2025,15,Dutch Grand Prix,Circuit Park Zandvoort,BOR,Gabriel Bortoleto,Sauber,13,15,0.0,Finished,15,13,0,11.0,9.5,12.0
2025,15,Dutch Grand Prix,Circuit Park Zandvoort,GAS,Pierre Gasly,Alpine F1 Team,14,17,0.0,Finished,17,14,0,11.666666666666666,14.666666666666666,13.0
2025,15,Dutch Grand Prix,Circuit Park Zandvoort,ALB,Alexander Albon,Williams,15,5,10.0,Finished,5,15,0,9.666666666666666,12.166666666666666,14.0
2025,15,Dutch Grand Prix,Circuit Park Zandvoort,COL,Franco Colapinto,Alpine F1 Team,16,11,0.0,Finished,11,16,0,19.0,15.333333333333334,15.0
2025,15,Dutch Grand Prix,Circuit Park Zandvoort,HUL,Nico Hülkenberg,Sauber,17,14,0.0,Finished,14,17,0,9.333333333333334,10.166666666666666,16.0
2025,15,Dutch Grand Prix,Circuit Park Zandvoort,OCO,Esteban Ocon,Haas F1 Team,18,10,1.0,Finished,10,18,0,14.666666666666666,13.333333333333334,17.0
2025,15,Dutch Grand Prix,Circuit Park Zandvoort,STR,Lance Stroll,Aston Martin,19,7,6.0,Finished,7,19,0,9.333333333333334,9.833333333333334,18.0
2025,15,Dutch Grand Prix,Circuit Park Zandvoort,BEA,Oliver Bearman,Haas F1 Team,20,6,8.0,Finished,6,20,0,14.0,14.333333333333334,19.0
2025,16,Italian Grand Prix,Autodromo Nazionale di Monza,VER,Max Verstappen,Red Bull,1,1,25.0,Finished,1,1,1,5.0,10.0,0.0
2025,16,Italian Grand Prix,Autodromo Nazionale di Monza,NOR,Lando Norris,McLaren,2,2,18.0,Finished,2,2,0,7.0,1.3333333333333333,1.0
2025,16,Italian Grand Prix,Autodromo Nazionale di Monza,PIA,Oscar Piastri,McLaren,3,3,15.0,Finished,3,3,0,1.3333333333333333,4.166666666666667,2.0
2025,16,Italian Grand Prix,Autodromo Nazionale di Monza,LEC,Charles Leclerc,Ferrari,4,4,12.0,Finished,4,4,0,8.666666666666666,9.833333333333334,3.0
2025,16,Italian Grand Prix,Autodromo Nazionale di Monza,RUS,George Russell,Mercedes,5,5,10.0,Finished,5,5,0,4.0,9.0,4.0
2025,16,Italian Grand Prix,Autodromo Nazionale di Monza,ANT,Andrea Kimi Antonelli,Mercedes,6,9,2.0,Finished,9,6,0,14.0,9.0,5.0
2025,16,Italian Grand Prix,Autodromo Nazionale di Monza,BOR,Gabriel Bortoleto,Sauber,7,8,4.0,Finished,8,7,0,10.0,9.666666666666666,6.0
2025,16,Italian Grand Prix,Autodromo Nazionale di Monza,ALO,Fernando Alonso,Aston Martin,8,19,0.0,Retired,19,8,0,10.0,9.666666666666666,7.0
2025,16,Italian Grand Prix,Autodromo Nazionale di Monza,TSU,Yuki Tsunoda,Red Bull,9,13,0.0,Finished,13,9,0,13.0,9.0,8.0
2025,16,Italian Grand Prix,Autodromo Nazionale di Monza,HAM,Lewis Hamilton,Ferrari,10,6,8.0,Finished,6,10,0,13.0,10.833333333333334,9.0
2025,16,Italian Grand Prix,Autodromo Nazionale di Monza,BEA,Oliver Bearman,Haas F1 Team,11,12,0.0,Finished,12,11,0,12.333333333333334,13.833333333333334,10.0
2025,16,Italian Grand Prix,Autodromo Nazionale di Monza,HUL,Nico Hülkenberg,Sauber,12,20,0.0,Did not start,20,12,0,13.0,11.5,11.0
2025,16,Italian Grand Prix,Autodromo Nazionale di Monza,SAI,Carlos Sainz,Williams,13,11,0.0,Finished,11,13,0,15.0,12.333333333333334,12.0
2025,16,Italian Grand Prix,Autodromo Nazionale di Monza,ALB,Alexander Albon,Williams,14,7,6.0,Finished,7,14,0,8.666666666666666,11.833333333333334,13.0
2025,16,Italian Grand Prix,Autodromo Nazionale di Monza,OCO,Esteban Ocon,Haas F1 Team,15,15,0.0,Lapped,15,15,0,13.666666666666666,13.0,14.0
2025,16,Italian Grand Prix,Autodromo Nazionale di Monza,STR,Lance Stroll,Aston Martin,16,18,0.0,Lapped,18,16,0,9.333333333333334,9.666666666666666,15.0
2025,16,Italian Grand Prix,Autodromo Nazionale di Monza,COL,Franco Colapinto,Alpine F1 Team,17,17,0.0,Lapped,17,17,0,16.0,17.166666666666668,16.0
2025,16,Italian Grand Prix,Autodromo Nazionale di Monza,LAW,Liam Lawson,RB F1 Team,18,14,0.0,Finished,14,18,0,9.333333333333334,11.5,17.0
2025,16,Italian Grand Prix,Autodromo Nazionale di Monza,HAD,Isack Hadjar,RB F1 Team,19,10,1.0,Finished,10,19,0,11.333333333333334,10.333333333333334,18.0
2025,16,Italian Grand Prix,Autodromo Nazionale di Monza,GAS,Pierre Gasly,Alpine F1 Team,20,16,0.0,Lapped,16,20,0,15.333333333333334,15.666666666666666,19.0
2025,17,Azerbaijan Grand Prix,Baku City Circuit,VER,Max Verstappen,Red Bull,1,1,25.0,Finished,1,1,1,4.0,8.5,0.0
2025,17,Azerbaijan Grand Prix,Baku City Circuit,SAI,Carlos Sainz,Williams,2,3,15.0,Finished,3,2,0,12.666666666666666,12.666666666666666,1.0
2025,17,Azerbaijan Grand Prix,Baku City Circuit,LAW,Liam Lawson,RB F1 Team,3,5,10.0,Finished,5,3,0,11.333333333333334,9.333333333333334,2.0
2025,17,Azerbaijan Grand Prix,Baku City Circuit,ANT,Andrea Kimi Antonelli,Mercedes,4,4,12.0,Finished,4,4,0,11.666666666666666,9.0,3.0
2025,17,Azerbaijan Grand Prix,Baku City Circuit,RUS,George Russell,Mercedes,5,2,18.0,Finished,2,5,0,4.0,7.833333333333333,4.0
2025,17,Azerbaijan Grand Prix,Baku City Circuit,TSU,Yuki Tsunoda,Red Bull,6,6,8.0,Finished,6,6,0,13.0,8.5,5.0
2025,17,Azerbaijan Grand Prix,Baku City Circuit,NOR,Lando Norris,McLaren,7,7,6.0,Finished,7,7,0,7.0,4.166666666666667,6.0
2025,17,Azerbaijan Grand Prix,Baku City Circuit,HAD,Isack Hadjar,RB F1 Team,8,10,1.0,Finished,10,8,0,8.0,9.666666666666666,7.0
2025,17,Azerbaijan Grand Prix,Baku City Circuit,PIA,Oscar Piastri,McLaren,9,20,0.0,Retired,20,9,0,2.0,4.5,8.0
2025,17,Azerbaijan Grand Prix,Baku City Circuit,LEC,Charles Leclerc,Ferrari,10,9,2.0,Finished,9,10,0,9.0,11.0,9.0
2025,17,Azerbaijan Grand Prix,Baku City Circuit,ALO,Fernando Alonso,Aston Martin,11,15,0.0,Finished,15,11,0,10.666666666666666,10.5,10.0
2025,17,Azerbaijan Grand Prix,Baku City Circuit,HAM,Lewis Hamilton,Ferrari,12,8,4.0,Finished,8,12,0,12.666666666666666,10.833333333333334,11.0
2025,17,Azerbaijan Grand Prix,Baku City Circuit,BOR,Gabriel Bortoleto,Sauber,13,11,0.0,Finished,11,13,0,9.666666666666666,11.333333333333334,12.0
2025,17,Azerbaijan Grand Prix,Baku City Circuit,STR,Lance Stroll,Aston Martin,14,17,0.0,Finished,17,14,0,10.666666666666666,10.666666666666666,13.0
2025,17,Azerbaijan Grand Prix,Baku City Circuit,BEA,Oliver Bearman,Haas F1 Team,15,12,0.0,Finished,12,15,0,12.666666666666666,12.5,14.0
2025,17,Azerbaijan Grand Prix,Baku City Circuit,COL,Franco Colapinto,Alpine F1 Team,16,19,0.0,Lapped,19,16,0,15.333333333333334,16.833333333333332,15.0
2025,17,Azerbaijan Grand Prix,Baku City Circuit,HUL,Nico Hülkenberg,Sauber,17,16,0.0,Finished,16,17,0,15.666666666666666,12.666666666666666,16.0
2025,17,Azerbaijan Grand Prix,Baku City Circuit,GAS,Pierre Gasly,Alpine F1 Team,18,18,0.0,Lapped,18,18,0,17.333333333333332,16.333333333333332,17.0
2025,17,Azerbaijan Grand Prix,Baku City Circuit,ALB,Alexander Albon,Williams,19,13,0.0,Finished,13,19,0,9.0,10.833333333333334,18.0
2025,17,Azerbaijan Grand Prix,Baku City Circuit,OCO,Esteban Ocon,Haas F1 Team,20,14,0.0,Finished,14,20,0,13.666666666666666,13.166666666666666,19.0
2025,18,Singapore Grand Prix,Marina Bay Street Circuit,RUS,George Russell,Mercedes,1,1,25.0,Finished,1,1,1,3.6666666666666665,8.0,0.0
2025,18,Singapore Grand Prix,Marina Bay Street Circuit,VER,Max Verstappen,Red Bull,2,2,18.0,Finished,2,2,0,1.3333333333333333,7.166666666666667,1.0
2025,18,Singapore Grand Prix,Marina Bay Street Circuit,PIA,Oscar Piastri,McLaren,3,4,12.0,Finished,4,3,0,8.0,5.333333333333333,2.0
2025,18,Singapore Grand Prix,Marina Bay Street Circuit,ANT,Andrea Kimi Antonelli,Mercedes,4,5,10.0,Finished,5,4,0,9.666666666666666,6.666666666666667,3.0
2025,18,Singapore Grand Prix,Marina Bay Street Circuit,NOR,Lando Norris,McLaren,5,3,15.0,Finished,3,5,0,9.0,8.5,4.0
2025,18,Singapore Grand Prix,Marina Bay Street Circuit,HAM,Lewis Hamilton,Ferrari,6,8,4.0,Finished,8,6,0,11.333333333333334,11.666666666666666,5.0
2025,18,Singapore Grand Prix,Marina Bay Street Circuit,LEC,Charles Leclerc,Ferrari,7,6,8.0,Finished,6,7,0,10.666666666666666,11.0,6.0
2025,18,Singapore Grand Prix,Marina Bay Street Circuit,HAD,Isack Hadjar,RB F1 Team,8,11,0.0,Lapped,11,8,0,7.666666666666667,9.166666666666666,7.0
2025,18,Singapore Grand Prix,Marina Bay Street Circuit,BEA,Oliver Bearman,Haas F1 Team,9,9,2.0,Finished,9,9,0,10.0,11.833333333333334,8.0
2025,18,Singapore Grand Prix,Marina Bay Street Circuit,ALO,Fernando Alonso,Aston Martin,10,7,6.0,Finished,7,10,0,14.0,12.333333333333334,9.0
2025,18,Singapore Grand Prix,Marina Bay Street Circuit,HUL,Nico Hülkenberg,Sauber,11,20,0.0,Lapped,20,11,0,16.666666666666668,13.5,10.0
2025,18,Singapore Grand Prix,Marina Bay Street Circuit,LAW,Liam Lawson,RB F1 Team,12,15,0.0,Lapped,15,12,0,10.333333333333334,9.0,11.0
2025,18,Singapore Grand Prix,Marina Bay Street Circuit,TSU,Yuki Tsunoda,Red Bull,13,12,0.0,Lapped,12,13,0,9.333333333333334,5.333333333333333,12.0
2025,18,Singapore Grand Prix,Marina Bay Street Circuit,BOR,Gabriel Bortoleto,Sauber,14,17,0.0,Lapped,17,14,0,11.333333333333334,14.0,13.0
2025,18,Singapore Grand Prix,Marina Bay Street Circuit,STR,Lance Stroll,Aston Martin,15,13,0.0,Lapped,13,15,0,14.0,14.0,14.0
2025,18,Singapore Grand Prix,Marina Bay Street Circuit,COL,Franco Colapinto,Alpine F1 Team,16,16,0.0,Lapped,16,16,0,15.666666666666666,16.5,15.0
2025,18,Singapore Grand Prix,Marina Bay Street Circuit,OCO,Esteban Ocon,Haas F1 Team,17,18,0.0,Lapped,18,17,0,13.0,11.5,16.0
2025,18,Singapore Grand Prix,Marina Bay Street Circuit,SAI,Carlos Sainz,Williams,18,10,1.0,Lapped,10,18,0,9.0,9.0,17.0
2025,18,Singapore Grand Prix,Marina Bay Street Circuit,GAS,Pierre Gasly,Alpine F1 Team,19,19,0.0,Lapped,19,19,0,17.0,16.333333333333332,18.0
2025,18,Singapore Grand Prix,Marina Bay Street Circuit,ALB,Alexander Albon,Williams,20,14,0.0,Lapped,14,20,0,8.333333333333334,8.666666666666666,19.0
2025,19,United States Grand Prix,Circuit of the Americas,VER,Max Verstappen,Red Bull,1,1,25.0,Finished,1,1,1,1.3333333333333333,5.333333333333333,0.0
2025,19,United States Grand Prix,Circuit of the Americas,NOR,Lando Norris,McLaren,2,2,18.0,Finished,2,2,0,4.0,9.0,1.0
2025,19,United States Grand Prix,Circuit of the Americas,LEC,Charles Leclerc,Ferrari,3,3,15.0,Finished,3,3,0,6.333333333333333,9.166666666666666,2.0
2025,19,United States Grand Prix,Circuit of the Americas,RUS,George Russell,Mercedes,4,6,8.0,Finished,6,4,0,2.6666666666666665,6.166666666666667,3.0
2025,19,United States Grand Prix,Circuit of the Americas,HAM,Lewis Hamilton,Ferrari,5,4,12.0,Finished,4,5,0,7.333333333333333,6.833333333333333,4.0
2025,19,United States Grand Prix,Circuit of the Americas,PIA,Oscar Piastri,McLaren,6,5,10.0,Finished,5,6,0,9.0,6.5,5.0
2025,19,United States Grand Prix,Circuit of the Americas,ANT,Andrea Kimi Antonelli,Mercedes,7,13,0.0,Finished,13,7,0,6.0,4.333333333333333,6.0
2025,19,United States Grand Prix,Circuit of the Americas,BEA,Oliver Bearman,Haas F1 Team,8,9,2.0,Finished,9,8,0,11.0,11.333333333333334,7.0
2025,19,United States Grand Prix,Circuit of the Americas,SAI,Carlos Sainz,Williams,9,20,0.0,Retired,20,9,0,8.0,8.166666666666666,8.0
2025,19,United States Grand Prix,Circuit of the Americas,ALO,Fernando Alonso,Aston Martin,10,10,1.0,Finished,10,10,0,13.666666666666666,13.833333333333334,9.0
2025,19,United States Grand Prix,Circuit of the Americas,HUL,Nico Hülkenberg,Sauber,11,8,4.0,Finished,8,11,0,18.666666666666668,14.833333333333334,10.0
2025,19,United States Grand Prix,Circuit of the Americas,LAW,Liam Lawson,RB F1 Team,12,11,0.0,Finished,11,12,0,11.333333333333334,10.333333333333334,11.0
2025,19,United States Grand Prix,Circuit of the Americas,TSU,Yuki Tsunoda,Red Bull,13,7,6.0,Finished,7,13,0,10.333333333333334,5.833333333333333,12.0
2025,19,United States Grand Prix,Circuit of the Americas,GAS,Pierre Gasly,Alpine F1 Team,14,19,0.0,Lapped,19,14,0,17.666666666666668,16.166666666666668,13.0
2025,19,United States Grand Prix,Circuit of the Americas,COL,Franco Colapinto,Alpine F1 Team,15,17,0.0,Lapped,17,15,0,17.333333333333332,17.5,14.0
2025,19,United States Grand Prix,Circuit of the Americas,BOR,Gabriel Bortoleto,Sauber,16,18,0.0,Lapped,18,16,0,12.0,15.333333333333334,15.0
2025,19,United States Grand Prix,Circuit of the Americas,OCO,Esteban Ocon,Haas F1 Team,17,15,0.0,Finished,15,17,0,15.666666666666666,13.333333333333334,16.0
2025,19,United States Grand Prix,Circuit of the Americas,ALB,Alexander Albon,Williams,18,14,0.0,Finished,14,18,0,11.333333333333334,9.666666666666666,17.0
2025,19,United States Grand Prix,Circuit of the Americas,STR,Lance Stroll,Aston Martin,19,12,0.0,Finished,12,19,0,16.0,14.833333333333334,18.0
2025,19,United States Grand Prix,Circuit of the Americas,HAD,Isack Hadjar,RB F1 Team,20,16,0.0,Finished,16,20,0,10.333333333333334,10.833333333333334,19.0
2025,20,Mexico City Grand Prix,Autódromo Hermanos Rodríguez,NOR,Lando Norris,McLaren,1,1,25.0,Finished,1,1,1,4.0,6.5,0.0
2025,20,Mexico City Grand Prix,Autódromo Hermanos Rodríguez,LEC,Charles Leclerc,Ferrari,2,2,18.0,Finished,2,2,0,6.0,6.666666666666667,1.0
2025,20,Mexico City Grand Prix,Autódromo Hermanos Rodríguez,HAM,Lewis Hamilton,Ferrari,3,8,4.0,Finished,8,3,0,6.666666666666667,6.333333333333333,2.0
2025,20,Mexico City Grand Prix,Autódromo Hermanos Rodríguez,RUS,George Russell,Mercedes,4,7,6.0,Finished,7,4,0,3.0,4.5,3.0
2025,20,Mexico City Grand Prix,Autódromo Hermanos Rodríguez,VER,Max Verstappen,Red Bull,5,3,15.0,Finished,3,5,0,1.3333333333333333,5.833333333333333,4.0
2025,20,Mexico City Grand Prix,Autódromo Hermanos Rodríguez,ANT,Andrea Kimi Antonelli,Mercedes,6,6,8.0,Finished,6,6,0,7.333333333333333,5.166666666666667,5.0
2025,20,Mexico City Grand Prix,Autódromo Hermanos Rodríguez,PIA,Oscar Piastri,McLaren,7,5,10.0,Finished,5,7,0,9.666666666666666,6.833333333333333,6.0
2025,20,Mexico City Grand Prix,Autódromo Hermanos Rodríguez,HAD,Isack Hadjar,RB F1 Team,8,13,0.0,Lapped,13,8,0,12.333333333333334,10.333333333333334,7.0
2025,20,Mexico City Grand Prix,Autódromo Hermanos Rodríguez,BEA,Oliver Bearman,Haas F1 Team,9,4,12.0,Finished,4,9,0,10.0,12.833333333333334,8.0
2025,20,Mexico City Grand Prix,Autódromo Hermanos Rodríguez,TSU,Yuki Tsunoda,Red Bull,10,11,0.0,Finished,11,10,0,8.333333333333334,4.833333333333333,9.0
2025,20,Mexico City Grand Prix,Autódromo Hermanos Rodríguez,OCO,Esteban Ocon,Haas F1 Team,11,9,2.0,Finished,9,11,0,15.666666666666666,12.833333333333334,10.0
2025,20,Mexico City Grand Prix,Autódromo Hermanos Rodríguez,SAI,Carlos Sainz,Williams,12,17,0.0,Retired,17,12,0,11.0,11.166666666666666,11.0
2025,20,Mexico City Grand Prix,Autódromo Hermanos Rodríguez,HUL,Nico Hülkenberg,Sauber,13,19,0.0,Retired,19,13,0,14.666666666666666,15.333333333333334,12.0
2025,20,Mexico City Grand Prix,Autódromo Hermanos Rodríguez,ALO,Fernando Alonso,Aston Martin,14,18,0.0,Retired,18,14,0,10.666666666666666,13.333333333333334,13.0
2025,20,Mexico City Grand Prix,Autódromo Hermanos Rodríguez,LAW,Liam Lawson,RB F1 Team,15,20,0.0,Retired,20,15,0,10.333333333333334,11.333333333333334,14.0
2025,20,Mexico City Grand Prix,Autódromo Hermanos Rodríguez,BOR,Gabriel Bortoleto,Sauber,16,10,1.0,Finished,10,16,0,15.333333333333334,15.0,15.0
2025,20,Mexico City Grand Prix,Autódromo Hermanos Rodríguez,ALB,Alexander Albon,Williams,17,12,0.0,Lapped,12,17,0,13.666666666666666,12.333333333333334,16.0
2025,20,Mexico City Grand Prix,Autódromo Hermanos Rodríguez,GAS,Pierre Gasly,Alpine F1 Team,18,15,0.0,Lapped,15,18,0,18.666666666666668,17.833333333333332,17.0
2025,20,Mexico City Grand Prix,Autódromo Hermanos Rodríguez,STR,Lance Stroll,Aston Martin,19,14,0.0,Lapped,14,19,0,14.0,12.333333333333334,18.0
2025,20,Mexico City Grand Prix,Autódromo Hermanos Rodríguez,COL,Franco Colapinto,Alpine F1 Team,20,16,0.0,Lapped,16,20,0,17.333333333333332,18.0,19.0
2025,21,São Paulo Grand Prix,Autódromo José Carlos Pace,NOR,Lando Norris,McLaren,1,1,25.0,Finished,1,1,1,2.0,5.833333333333333,0.0
2025,21,São Paulo Grand Prix,Autódromo José Carlos Pace,ANT,Andrea Kimi Antonelli,Mercedes,2,2,18.0,Finished,2,2,0,8.0,5.666666666666667,1.0
2025,21,São Paulo Grand Prix,Autódromo José Carlos Pace,LEC,Charles Leclerc,Ferrari,3,19,0.0,Retired,19,3,0,3.6666666666666665,5.166666666666667,2.0
2025,21,São Paulo Grand Prix,Autódromo José Carlos Pace,PIA,Oscar Piastri,McLaren,4,5,10.0,Finished,5,4,0,4.666666666666667,3.3333333333333335,3.0
2025,21,São Paulo Grand Prix,Autódromo José Carlos Pace,HAD,Isack Hadjar,RB F1 Team,5,8,4.0,Finished,8,5,0,13.333333333333334,12.666666666666666,4.0
2025,21,São Paulo Grand Prix,Autódromo José Carlos Pace,RUS,George Russell,Mercedes,6,4,12.0,Finished,4,6,0,4.666666666666667,6.333333333333333,5.0
2025,21,São Paulo Grand Prix,Autódromo José Carlos Pace,LAW,Liam Lawson,RB F1 Team,7,7,6.0,Finished,7,7,0,15.333333333333334,14.333333333333334,6.0
2025,21,São Paulo Grand Prix,Autódromo José Carlos Pace,BEA,Oliver Bearman,Haas F1 Team,8,6,8.0,Finished,6,8,0,7.333333333333333,11.5,7.0
2025,21,São Paulo Grand Prix,Autódromo José Carlos Pace,GAS,Pierre Gasly,Alpine F1 Team,9,10,1.0,Finished,10,9,0,17.666666666666668,17.333333333333332,8.0
2025,21,São Paulo Grand Prix,Autódromo José Carlos Pace,HUL,Nico Hülkenberg,Sauber,10,9,2.0,Finished,9,10,0,15.666666666666666,16.333333333333332,9.0
2025,21,São Paulo Grand Prix,Autódromo José Carlos Pace,ALO,Fernando Alonso,Aston Martin,11,14,0.0,Finished,14,11,0,11.666666666666666,12.833333333333334,10.0
2025,21,São Paulo Grand Prix,Autódromo José Carlos Pace,ALB,Alexander Albon,Williams,12,11,0.0,Finished,11,12,0,13.333333333333334,14.666666666666666,11.0
2025,21,São Paulo Grand Prix,Autódromo José Carlos Pace,HAM,Lewis Hamilton,Ferrari,13,18,0.0,Retired,18,13,0,6.666666666666667,5.166666666666667,12.0
2025,21,São Paulo Grand Prix,Autódromo José Carlos Pace,STR,Lance Stroll,Aston Martin,14,16,0.0,Finished,16,14,0,13.0,12.333333333333334,13.0
2025,21,São Paulo Grand Prix,Autódromo José Carlos Pace,SAI,Carlos Sainz,Williams,15,13,0.0,Finished,13,15,0,15.666666666666666,14.5,14.0
2025,21,São Paulo Grand Prix,Autódromo José Carlos Pace,COL,Franco Colapinto,Alpine F1 Team,16,15,0.0,Finished,15,16,0,16.333333333333332,17.0,15.0
2025,21,São Paulo Grand Prix,Autódromo José Carlos Pace,TSU,Yuki Tsunoda,Red Bull,17,17,0.0,Finished,17,17,0,10.0,5.166666666666667,16.0
2025,21,São Paulo Grand Prix,Autódromo José Carlos Pace,BOR,Gabriel Bortoleto,Sauber,18,20,0.0,Retired,20,18,0,15.0,15.333333333333334,17.0
2025,21,São Paulo Grand Prix,Autódromo José Carlos Pace,VER,Max Verstappen,Red Bull,19,3,15.0,Finished,3,19,0,2.0,6.0,18.0
2025,21,São Paulo Grand Prix,Autódromo José Carlos Pace,OCO,Esteban Ocon,Haas F1 Team,20,12,0.0,Finished,12,20,0,14.0,10.666666666666666,19.0
2025,22,Las Vegas Grand Prix,Las Vegas Strip Street Circuit,NOR,Lando Norris,McLaren,1,19,0.0,Disqualified,19,1,0,1.3333333333333333,2.8333333333333335,0.0
2025,22,Las Vegas Grand Prix,Las Vegas Strip Street Circuit,VER,Max Verstappen,Red Bull,2,1,25.0,Finished,1,2,1,2.3333333333333335,8.5,1.0
2025,22,Las Vegas Grand Prix,Las Vegas Strip Street Circuit,SAI,Carlos Sainz,Williams,3,5,10.0,Finished,5,3,0,16.666666666666668,14.666666666666666,2.0
2025,22,Las Vegas Grand Prix,Las Vegas Strip Street Circuit,RUS,George Russell,Mercedes,4,2,18.0,Finished,2,4,0,5.666666666666667,6.5,3.0
2025,22,Las Vegas Grand Prix,Las Vegas Strip Street Circuit,PIA,Oscar Piastri,McLaren,5,20,0.0,Disqualified,20,5,0,5.0,3.1666666666666665,4.0
2025,22,Las Vegas Grand Prix,Las Vegas Strip Street Circuit,LAW,Liam Lawson,RB F1 Team,6,14,0.0,Lapped,14,6,0,12.666666666666666,13.833333333333334,5.0
2025,22,Las Vegas Grand Prix,Las Vegas Strip Street Circuit,ALO,Fernando Alonso,Aston Martin,7,11,0.0,Finished,11,7,0,14.0,13.5,6.0
2025,22,Las Vegas Grand Prix,Las Vegas Strip Street Circuit,HAD,Isack Hadjar,RB F1 Team,8,6,8.0,Finished,6,8,0,12.333333333333334,12.5,7.0
2025,22,Las Vegas Grand Prix,Las Vegas Strip Street Circuit,LEC,Charles Leclerc,Ferrari,9,4,12.0,Finished,4,9,0,8.0,7.0,8.0
2025,22,Las Vegas Grand Prix,Las Vegas Strip Street Circuit,GAS,Pierre Gasly,Alpine F1 Team,10,13,0.0,Finished,13,10,0,14.666666666666666,16.0,9.0
2025,22,Las Vegas Grand Prix,Las Vegas Strip Street Circuit,HUL,Nico Hülkenberg,Sauber,11,7,6.0,Finished,7,11,0,12.0,13.5,10.0
2025,22,Las Vegas Grand Prix,Las Vegas Strip Street Circuit,STR,Lance Stroll,Aston Martin,12,18,0.0,Retired,18,12,0,14.0,14.0,11.0
2025,22,Las Vegas Grand Prix,Las Vegas Strip Street Circuit,OCO,Esteban Ocon,Haas F1 Team,13,9,2.0,Finished,9,13,0,12.0,10.166666666666666,12.0
2025,22,Las Vegas Grand Prix,Las Vegas Strip Street Circuit,BEA,Oliver Bearman,Haas F1 Team,14,10,1.0,Finished,10,14,0,6.333333333333333,9.166666666666666,13.0
2025,22,Las Vegas Grand Prix,Las Vegas Strip Street Circuit,COL,Franco Colapinto,Alpine F1 Team,15,15,0.0,Lapped,15,15,0,16.0,15.333333333333334,14.0
2025,22,Las Vegas Grand Prix,Las Vegas Strip Street Circuit,ALB,Alexander Albon,Williams,16,16,0.0,Retired,16,16,0,12.333333333333334,14.5,15.0
2025,22,Las Vegas Grand Prix,Las Vegas Strip Street Circuit,ANT,Andrea Kimi Antonelli,Mercedes,17,3,15.0,Finished,3,17,0,7.0,6.333333333333333,16.0
2025,22,Las Vegas Grand Prix,Las Vegas Strip Street Circuit,BOR,Gabriel Bortoleto,Sauber,18,17,0.0,Retired,17,18,0,16.0,14.0,17.0
2025,22,Las Vegas Grand Prix,Las Vegas Strip Street Circuit,HAM,Lewis Hamilton,Ferrari,19,8,4.0,Finished,8,19,0,10.0,9.0,18.0
2025,22,Las Vegas Grand Prix,Las Vegas Strip Street Circuit,TSU,Yuki Tsunoda,Red Bull,20,12,0.0,Finished,12,20,0,11.666666666666666,7.0,19.0
2025,23,Qatar Grand Prix,Losail International Circuit,PIA,Oscar Piastri,McLaren,1,2,18.0,Finished,2,1,0,10.0,6.0,0.0
2025,23,Qatar Grand Prix,Losail International Circuit,NOR,Lando Norris,McLaren,2,4,12.0,Finished,4,2,0,7.0,8.5,1.0
2025,23,Qatar Grand Prix,Losail International Circuit,VER,Max Verstappen,Red Bull,3,1,25.0,Finished,1,3,1,2.3333333333333335,7.0,2.0
2025,23,Qatar Grand Prix,Losail International Circuit,RUS,George Russell,Mercedes,4,6,8.0,Finished,6,4,0,4.333333333333333,5.666666666666667,3.0
2025,23,Qatar Grand Prix,Losail International Circuit,ANT,Andrea Kimi Antonelli,Mercedes,5,5,10.0,Finished,5,5,0,3.6666666666666665,4.0,4.0
2025,23,Qatar Grand Prix,Losail International Circuit,HAD,Isack Hadjar,RB F1 Team,6,18,0.0,Retired,18,6,0,9.0,13.0,5.0
2025,23,Qatar Grand Prix,Losail International Circuit,SAI,Carlos Sainz,Williams,7,3,15.0,Finished,3,7,0,11.666666666666666,12.0,6.0
2025,23,Qatar Grand Prix,Losail International Circuit,ALO,Fernando Alonso,Aston Martin,8,7,6.0,Finished,7,8,0,14.333333333333334,14.166666666666666,7.0
2025,23,Qatar Grand Prix,Losail International Circuit,GAS,Pierre Gasly,Alpine F1 Team,9,16,0.0,Lapped,16,9,0,12.666666666666666,14.333333333333334,8.0
2025,23,Qatar Grand Prix,Losail International Circuit,LEC,Charles Leclerc,Ferrari,10,8,4.0,Finished,8,10,0,8.333333333333334,9.166666666666666,9.0
2025,23,Qatar Grand Prix,Losail International Circuit,HUL,Nico Hülkenberg,Sauber,11,20,0.0,Retired,20,11,0,11.666666666666666,13.833333333333334,10.0
2025,23,Qatar Grand Prix,Losail International Circuit,LAW,Liam Lawson,RB F1 Team,12,9,2.0,Finished,9,12,0,13.666666666666666,11.333333333333334,11.0
2025,23,Qatar Grand Prix,Losail International Circuit,BEA,Oliver Bearman,Haas F1 Team,13,19,0.0,Retired,19,13,0,6.666666666666667,9.166666666666666,12.0
2025,23,Qatar Grand Prix,Losail International Circuit,ALB,Alexander Albon,Williams,14,11,0.0,Finished,11,14,0,13.0,12.333333333333334,13.0
2025,23,Qatar Grand Prix,Losail International Circuit,TSU,Yuki Tsunoda,Red Bull,15,10,1.0,Finished,10,15,0,13.333333333333334,7.833333333333333,14.0
2025,23,Qatar Grand Prix,Losail International Circuit,OCO,Esteban Ocon,Haas F1 Team,16,15,0.0,Lapped,15,16,0,10.0,8.333333333333334,15.0
2025,23,Qatar Grand Prix,Losail International Circuit,HAM,Lewis Hamilton,Ferrari,17,12,0.0,Finished,12,17,0,11.333333333333334,9.833333333333334,16.0
2025,23,Qatar Grand Prix,Losail International Circuit,STR,Lance Stroll,Aston Martin,18,17,0.0,Retired,17,18,0,16.0,15.166666666666666,17.0
2025,23,Qatar Grand Prix,Losail International Circuit,BOR,Gabriel Bortoleto,Sauber,19,13,0.0,Finished,13,19,0,15.666666666666666,13.666666666666666,18.0
2025,23,Qatar Grand Prix,Losail International Circuit,COL,Franco Colapinto,Alpine F1 Team,20,14,0.0,Lapped,14,20,0,15.333333333333334,14.0,19.0
2025,24,Abu Dhabi Grand Prix,Yas Marina Circuit,VER,Max Verstappen,Red Bull,1,1,25.0,Finished,1,1,1,1.6666666666666667,7.5,0.0
2025,24,Abu Dhabi Grand Prix,Yas Marina Circuit,NOR,Lando Norris,McLaren,2,3,15.0,Finished,3,2,0,8.0,8.666666666666666,1.0
2025,24,Abu Dhabi Grand Prix,Yas Marina Circuit,PIA,Oscar Piastri,McLaren,3,2,18.0,Finished,2,3,0,9.0,8.5,2.0
2025,24,Abu Dhabi Grand Prix,Yas Marina Circuit,RUS,George Russell,Mercedes,4,5,10.0,Finished,5,4,0,4.0,3.8333333333333335,3.0
2025,24,Abu Dhabi Grand Prix,Yas Marina Circuit,LEC,Charles Leclerc,Ferrari,5,4,12.0,Finished,4,5,0,10.333333333333334,10.833333333333334,4.0
2025,24,Abu Dhabi Grand Prix,Yas Marina Circuit,ALO,Fernando Alonso,Aston Martin,6,6,8.0,Finished,6,6,0,10.666666666666666,13.333333333333334,5.0
2025,24,Abu Dhabi Grand Prix,Yas Marina Circuit,BOR,Gabriel Bortoleto,Sauber,7,11,0.0,Finished,11,7,0,16.666666666666668,13.833333333333334,6.0
2025,24,Abu Dhabi Grand Prix,Yas Marina Circuit,OCO,Esteban Ocon,Haas F1 Team,8,7,6.0,Finished,7,8,0,12.0,10.833333333333334,7.0
2025,24,Abu Dhabi Grand Prix,Yas Marina Circuit,HAD,Isack Hadjar,RB F1 Team,9,17,0.0,Lapped,17,9,0,10.666666666666666,12.166666666666666,8.0
2025,24,Abu Dhabi Grand Prix,Yas Marina Circuit,TSU,Yuki Tsunoda,Red Bull,10,14,0.0,Finished,14,10,0,13.0,7.333333333333333,9.0
2025,24,Abu Dhabi Grand Prix,Yas Marina Circuit,BEA,Oliver Bearman,Haas F1 Team,11,12,0.0,Finished,12,11,0,11.666666666666666,11.833333333333334,10.0
2025,24,Abu Dhabi Grand Prix,Yas Marina Circuit,SAI,Carlos Sainz,Williams,12,13,0.0,Finished,13,12,0,7.0,10.0,11.0
2025,24,Abu Dhabi Grand Prix,Yas Marina Circuit,LAW,Liam Lawson,RB F1 Team,13,18,0.0,Lapped,18,13,0,10.0,10.333333333333334,12.0
2025,24,Abu Dhabi Grand Prix,Yas Marina Circuit,ANT,Andrea Kimi Antonelli,Mercedes,14,15,0.0,Finished,15,14,0,3.3333333333333335,3.6666666666666665,13.0
2025,24,Abu Dhabi Grand Prix,Yas Marina Circuit,STR,Lance Stroll,Aston Martin,15,10,1.0,Finished,10,15,0,17.0,13.833333333333334,14.0
2025,24,Abu Dhabi Grand Prix,Yas Marina Circuit,HAM,Lewis Hamilton,Ferrari,16,8,4.0,Finished,8,16,0,12.666666666666666,11.5,15.0
2025,24,Abu Dhabi Grand Prix,Yas Marina Circuit,ALB,Alexander Albon,Williams,17,16,0.0,Finished,16,17,0,12.666666666666666,9.833333333333334,16.0
2025,24,Abu Dhabi Grand Prix,Yas Marina Circuit,HUL,Nico Hülkenberg,Sauber,18,9,2.0,Finished,9,18,0,12.0,14.333333333333334,17.0
2025,24,Abu Dhabi Grand Prix,Yas Marina Circuit,GAS,Pierre Gasly,Alpine F1 Team,19,19,0.0,Lapped,19,19,0,13.0,14.166666666666666,18.0
2025,24,Abu Dhabi Grand Prix,Yas Marina Circuit,COL,Franco Colapinto,Alpine F1 Team,20,20,0.0,Lapped,20,20,0,14.666666666666666,13.833333333333334,19.0
2026,1,Australian Grand Prix,Albert Park Grand Prix Circuit,RUS,George Russell,Mercedes,1,1,25.0,Finished,1,1,1,4.333333333333333,4.166666666666667,0.0
2026,1,Australian Grand Prix,Albert Park Grand Prix Circuit,ANT,Andrea Kimi Antonelli,Mercedes,2,2,18.0,Finished,2,2,0,7.666666666666667,6.0,1.0
2026,1,Australian Grand Prix,Albert Park Grand Prix Circuit,HAD,Isack Hadjar,Red Bull,3,20,0.0,Retired,20,3,0,13.666666666666666,4.666666666666667,2.0
2026,1,Australian Grand Prix,Albert Park Grand Prix Circuit,LEC,Charles Leclerc,Ferrari,4,3,15.0,Finished,3,4,0,5.333333333333333,9.0,3.0
2026,1,Australian Grand Prix,Albert Park Grand Prix Circuit,PIA,Oscar Piastri,McLaren,5,21,0.0,Did not start,21,5,0,8.0,8.833333333333334,4.0
2026,1,Australian Grand Prix,Albert Park Grand Prix Circuit,NOR,Lando Norris,McLaren,6,5,10.0,Finished,5,6,0,8.666666666666666,8.333333333333334,5.0
2026,1,Australian Grand Prix,Albert Park Grand Prix Circuit,HAM,Lewis Hamilton,Ferrari,7,4,12.0,Finished,4,7,0,9.333333333333334,7.333333333333333,6.0
2026,1,Australian Grand Prix,Albert Park Grand Prix Circuit,LAW,Liam Lawson,RB F1 Team,8,13,0.0,Lapped,13,8,0,13.666666666666666,11.833333333333334,7.0
2026,1,Australian Grand Prix,Albert Park Grand Prix Circuit,LIN,Arvid Lindblad,RB F1 Team,9,8,4.0,Lapped,8,9,0,12.0,13.666666666666666,8.0
2026,1,Australian Grand Prix,Albert Park Grand Prix Circuit,BOR,Gabriel Bortoleto,Audi,10,9,2.0,Lapped,9,10,0,13.666666666666666,12.0,9.0
2026,1,Australian Grand Prix,Albert Park Grand Prix Circuit,HUL,Nico Hülkenberg,Audi,11,22,0.0,Did not start,22,11,0,12.0,12.0,10.0
2026,1,Australian Grand Prix,Albert Park Grand Prix Circuit,BEA,Oliver Bearman,Haas F1 Team,12,7,6.0,Lapped,7,12,0,13.666666666666666,12.0,11.0
2026,1,Australian Grand Prix,Albert Park Grand Prix Circuit,OCO,Esteban Ocon,Haas F1 Team,13,11,0.0,Lapped,11,13,0,10.333333333333334,12.0,12.0
2026,1,Australian Grand Prix,Albert Park Grand Prix Circuit,GAS,Pierre Gasly,Alpine F1 Team,14,10,1.0,Lapped,10,14,0,16.0,15.333333333333334,13.0
2026,1,Australian Grand Prix,Albert Park Grand Prix Circuit,ALB,Alexander Albon,Williams,15,12,0.0,Lapped,12,15,0,14.333333333333334,10.166666666666666,14.0
2026,1,Australian Grand Prix,Albert Park Grand Prix Circuit,COL,Franco Colapinto,Alpine F1 Team,16,14,0.0,Lapped,14,16,0,16.333333333333332,16.166666666666668,15.0
2026,1,Australian Grand Prix,Albert Park Grand Prix Circuit,ALO,Fernando Alonso,Aston Martin,17,18,0.0,Retired,18,17,0,8.0,12.5,16.0
2026,1,Australian Grand Prix,Albert Park Grand Prix Circuit,PER,Sergio Pérez,Cadillac F1 Team,18,16,0.0,Lapped,16,18,0,15.666666666666666,12.0,17.0
2026,1,Australian Grand Prix,Albert Park Grand Prix Circuit,BOT,Valtteri Bottas,Cadillac F1 Team,19,19,0.0,Retired,19,19,0,15.666666666666666,12.0,18.0
2026,1,Australian Grand Prix,Albert Park Grand Prix Circuit,VER,Max Verstappen,Red Bull,20,6,8.0,Finished,6,20,0,1.0,6.5,19.0
2026,1,Australian Grand Prix,Albert Park Grand Prix Circuit,SAI,Carlos Sainz,Williams,21,15,0.0,Lapped,15,21,0,7.0,10.666666666666666,20.0
2026,1,Australian Grand Prix,Albert Park Grand Prix Circuit,STR,Lance Stroll,Aston Martin,22,17,0.0,Lapped,17,22,0,15.0,11.5,21.0
2026,2,Chinese Grand Prix,Shanghai International Circuit,ANT,Andrea Kimi Antonelli,Mercedes,1,1,25.0,Finished,1,1,1,7.333333333333333,5.833333333333333,0.0
2026,2,Chinese Grand Prix,Shanghai International Circuit,RUS,George Russell,Mercedes,2,2,18.0,Finished,2,2,0,4.0,5.666666666666667,1.0
2026,2,Chinese Grand Prix,Shanghai International Circuit,HAM,Lewis Hamilton,Ferrari,3,3,15.0,Finished,3,3,0,8.0,7.166666666666667,2.0
2026,2,Chinese Grand Prix,Shanghai International Circuit,LEC,Charles Leclerc,Ferrari,4,4,12.0,Finished,4,4,0,5.0,6.5,3.0
2026,2,Chinese Grand Prix,Shanghai International Circuit,PIA,Oscar Piastri,McLaren,5,19,0.0,Did not start,19,5,0,8.333333333333334,8.666666666666666,4.0
2026,2,Chinese Grand Prix,Shanghai International Circuit,NOR,Lando Norris,McLaren,6,20,0.0,Did not start,20,6,0,4.0,6.166666666666667,5.0
2026,2,Chinese Grand Prix,Shanghai International Circuit,GAS,Pierre Gasly,Alpine F1 Team,7,6,8.0,Finished,6,7,0,15.0,15.666666666666666,6.0
2026,2,Chinese Grand Prix,Shanghai International Circuit,VER,Max Verstappen,Red Bull,8,16,0.0,Retired,16,8,0,2.6666666666666665,9.666666666666666,7.0
2026,2,Chinese Grand Prix,Shanghai International Circuit,HAD,Isack Hadjar,Red Bull,9,8,4.0,Finished,8,9,0,18.333333333333332,8.666666666666666,8.0
2026,2,Chinese Grand Prix,Shanghai International Circuit,BEA,Oliver Bearman,Haas F1 Team,10,5,10.0,Finished,5,10,0,12.666666666666666,11.666666666666666,9.0
2026,2,Chinese Grand Prix,Shanghai International Circuit,HUL,Nico Hülkenberg,Audi,11,11,0.0,Lapped,11,11,0,17.0,9.0,10.0
2026,2,Chinese Grand Prix,Shanghai International Circuit,COL,Franco Colapinto,Alpine F1 Team,12,10,1.0,Lapped,10,12,0,16.0,15.5,11.0
2026,2,Chinese Grand Prix,Shanghai International Circuit,OCO,Esteban Ocon,Haas F1 Team,13,14,0.0,Lapped,14,13,0,11.0,11.833333333333334,12.0
2026,2,Chinese Grand Prix,Shanghai International Circuit,LAW,Liam Lawson,RB F1 Team,14,7,6.0,Finished,7,14,0,13.333333333333334,13.5,13.0
2026,2,Chinese Grand Prix,Shanghai International Circuit,LIN,Arvid Lindblad,RB F1 Team,15,12,0.0,Lapped,12,15,0,8.0,13.833333333333334,14.0
2026,2,Chinese Grand Prix,Shanghai International Circuit,BOR,Gabriel Bortoleto,Audi,16,21,0.0,Did not start,21,16,0,11.0,15.5,15.0
2026,2,Chinese Grand Prix,Shanghai International Circuit,SAI,Carlos Sainz,Williams,17,9,2.0,Lapped,9,17,0,10.333333333333334,11.833333333333334,16.0
2026,2,Chinese Grand Prix,Shanghai International Circuit,ALO,Fernando Alonso,Aston Martin,18,17,0.0,Retired,17,18,0,10.333333333333334,12.666666666666666,17.0
2026,2,Chinese Grand Prix,Shanghai International Circuit,BOT,Valtteri Bottas,Cadillac F1 Team,19,13,0.0,Lapped,13,19,0,16.0,16.0,18.0
2026,2,Chinese Grand Prix,Shanghai International Circuit,STR,Lance Stroll,Aston Martin,20,18,0.0,Retired,18,20,0,14.666666666666666,12.5,19.0
2026,2,Chinese Grand Prix,Shanghai International Circuit,PER,Sergio Pérez,Cadillac F1 Team,21,15,0.0,Lapped,15,21,0,17.666666666666668,17.5,20.0
2026,2,Chinese Grand Prix,Shanghai International Circuit,ALB,Alexander Albon,Williams,22,22,0.0,Did not start,22,22,0,13.0,11.666666666666666,21.0
2026,3,Japanese Grand Prix,Suzuka Circuit,ANT,Andrea Kimi Antonelli,Mercedes,1,1,25.0,Finished,1,1,1,6.0,4.833333333333333,0.0
2026,3,Japanese Grand Prix,Suzuka Circuit,RUS,George Russell,Mercedes,2,4,12.0,Finished,4,2,0,2.6666666666666665,4.333333333333333,1.0
2026,3,Japanese Grand Prix,Suzuka Circuit,PIA,Oscar Piastri,McLaren,3,2,18.0,Finished,2,3,0,14.0,9.0,2.0
2026,3,Japanese Grand Prix,Suzuka Circuit,LEC,Charles Leclerc,Ferrari,4,3,15.0,Finished,3,4,0,3.6666666666666665,5.666666666666667,3.0
2026,3,Japanese Grand Prix,Suzuka Circuit,NOR,Lando Norris,McLaren,5,5,10.0,Finished,5,5,0,9.333333333333334,11.666666666666666,4.0
2026,3,Japanese Grand Prix,Suzuka Circuit,HAM,Lewis Hamilton,Ferrari,6,6,8.0,Finished,6,6,0,5.0,4.333333333333333,5.0
2026,3,Japanese Grand Prix,Suzuka Circuit,GAS,Pierre Gasly,Alpine F1 Team,7,7,6.0,Finished,7,7,0,11.666666666666666,13.833333333333334,6.0
2026,3,Japanese Grand Prix,Suzuka Circuit,HAD,Isack Hadjar,Red Bull,8,12,0.0,Finished,12,8,0,15.0,11.166666666666666,7.0
2026,3,Japanese Grand Prix,Suzuka Circuit,BOR,Gabriel Bortoleto,Audi,9,13,0.0,Finished,13,9,0,13.666666666666666,14.0,8.0
2026,3,Japanese Grand Prix,Suzuka Circuit,LIN,Arvid Lindblad,RB F1 Team,10,14,0.0,Finished,14,10,0,10.0,12.0,9.0
2026,3,Japanese Grand Prix,Suzuka Circuit,VER,Max Verstappen,Red Bull,11,8,4.0,Finished,8,11,0,7.666666666666667,10.833333333333334,10.0
2026,3,Japanese Grand Prix,Suzuka Circuit,OCO,Esteban Ocon,Haas F1 Team,12,10,1.0,Finished,10,12,0,10.666666666666666,9.5,11.0
2026,3,Japanese Grand Prix,Suzuka Circuit,HUL,Nico Hülkenberg,Audi,13,11,0.0,Finished,11,13,0,14.0,15.75,12.0
2026,3,Japanese Grand Prix,Suzuka Circuit,LAW,Liam Lawson,RB F1 Team,14,9,2.0,Finished,9,14,0,12.666666666666666,12.5,13.0
2026,3,Japanese Grand Prix,Suzuka Circuit,COL,Franco Colapinto,Alpine F1 Team,15,16,0.0,Finished,16,15,0,14.666666666666666,13.166666666666666,14.0
2026,3,Japanese Grand Prix,Suzuka Circuit,SAI,Carlos Sainz,Williams,16,15,0.0,Finished,15,16,0,12.333333333333334,12.666666666666666,15.0
2026,3,Japanese Grand Prix,Suzuka Circuit,ALB,Alexander Albon,Williams,17,20,0.0,Lapped,20,17,0,16.666666666666668,14.5,16.0
2026,3,Japanese Grand Prix,Suzuka Circuit,BEA,Oliver Bearman,Haas F1 Team,18,22,0.0,Retired,22,18,0,8.0,9.333333333333334,17.0
2026,3,Japanese Grand Prix,Suzuka Circuit,PER,Sergio Pérez,Cadillac F1 Team,19,17,0.0,Finished,17,19,0,17.0,16.0,18.0
2026,3,Japanese Grand Prix,Suzuka Circuit,BOT,Valtteri Bottas,Cadillac F1 Team,20,19,0.0,Lapped,19,20,0,16.666666666666668,15.75,19.0
2026,3,Japanese Grand Prix,Suzuka Circuit,ALO,Fernando Alonso,Aston Martin,21,18,0.0,Lapped,18,21,0,13.666666666666666,14.166666666666666,20.0
2026,3,Japanese Grand Prix,Suzuka Circuit,STR,Lance Stroll,Aston Martin,22,21,0.0,Retired,21,22,0,15.0,14.333333333333334,21.0
2026,4,Miami Grand Prix,Miami International Autodrome,ANT,Andrea Kimi Antonelli,Mercedes,1,1,25.0,Finished,1,1,1,1.3333333333333333,3.6666666666666665,0.0
2026,4,Miami Grand Prix,Miami International Autodrome,VER,Max Verstappen,Red Bull,2,5,10.0,Finished,5,2,0,10.0,12.666666666666666,1.0
2026,4,Miami Grand Prix,Miami International Autodrome,LEC,Charles Leclerc,Ferrari,3,8,4.0,Finished,8,3,0,3.3333333333333335,4.166666666666667,2.0
2026,4,Miami Grand Prix,Miami International Autodrome,NOR,Lando Norris,McLaren,4,2,18.0,Finished,2,4,0,10.0,11.5,3.0
2026,4,Miami Grand Prix,Miami International Autodrome,RUS,George Russell,Mercedes,5,4,12.0,Finished,4,5,0,2.3333333333333335,1.8333333333333333,4.0
2026,4,Miami Grand Prix,Miami International Autodrome,HAM,Lewis Hamilton,Ferrari,6,6,8.0,Finished,6,6,0,4.333333333333333,3.8333333333333335,5.0
2026,4,Miami Grand Prix,Miami International Autodrome,PIA,Oscar Piastri,McLaren,7,3,15.0,Finished,3,7,0,14.0,12.0,6.0
2026,4,Miami Grand Prix,Miami International Autodrome,COL,Franco Colapinto,Alpine F1 Team,8,7,6.0,Finished,7,8,0,13.333333333333334,11.166666666666666,7.0
2026,4,Miami Grand Prix,Miami International Autodrome,GAS,Pierre Gasly,Alpine F1 Team,9,21,0.0,Retired,21,9,0,7.666666666666667,10.5,8.0
2026,4,Miami Grand Prix,Miami International Autodrome,HUL,Nico Hülkenberg,Audi,10,19,0.0,Retired,19,10,0,14.666666666666666,15.2,9.0
2026,4,Miami Grand Prix,Miami International Autodrome,LAW,Liam Lawson,RB F1 Team,11,20,0.0,Retired,20,11,0,9.666666666666666,12.0,10.0
2026,4,Miami Grand Prix,Miami International Autodrome,BEA,Oliver Bearman,Haas F1 Team,12,11,0.0,Lapped,11,12,0,11.333333333333334,9.833333333333334,11.0
2026,4,Miami Grand Prix,Miami International Autodrome,SAI,Carlos Sainz,Williams,13,9,2.0,Finished,9,13,0,13.0,14.833333333333334,12.0
2026,4,Miami Grand Prix,Miami International Autodrome,OCO,Esteban Ocon,Haas F1 Team,14,13,0.0,Lapped,13,14,0,11.666666666666666,11.5,13.0
2026,4,Miami Grand Prix,Miami International Autodrome,ALB,Alexander Albon,Williams,15,10,1.0,Finished,10,15,0,18.0,15.5,14.0
2026,4,Miami Grand Prix,Miami International Autodrome,LIN,Arvid Lindblad,RB F1 Team,16,14,0.0,Lapped,14,16,0,11.333333333333334,10.5,15.0
2026,4,Miami Grand Prix,Miami International Autodrome,ALO,Fernando Alonso,Aston Martin,17,15,0.0,Lapped,15,17,0,17.666666666666668,16.333333333333332,16.0
2026,4,Miami Grand Prix,Miami International Autodrome,STR,Lance Stroll,Aston Martin,18,17,0.0,Lapped,17,18,0,18.666666666666668,18.166666666666668,17.0
2026,4,Miami Grand Prix,Miami International Autodrome,BOT,Valtteri Bottas,Cadillac F1 Team,19,18,0.0,Lapped,18,19,0,17.0,16.0,18.0
2026,4,Miami Grand Prix,Miami International Autodrome,PER,Sergio Pérez,Cadillac F1 Team,20,16,0.0,Lapped,16,20,0,16.0,16.5,19.0
2026,4,Miami Grand Prix,Miami International Autodrome,BOR,Gabriel Bortoleto,Audi,21,12,0.0,Lapped,12,21,0,14.333333333333334,14.5,20.0
2026,4,Miami Grand Prix,Miami International Autodrome,HAD,Isack Hadjar,Red Bull,22,22,0.0,Retired,22,22,0,13.333333333333334,11.666666666666666,21.0
2026,5,Canadian Grand Prix,Circuit Gilles Villeneuve,RUS,George Russell,Mercedes,1,19,0.0,Retired,19,1,0,3.3333333333333335,1.8333333333333333,0.0
2026,5,Canadian Grand Prix,Circuit Gilles Villeneuve,ANT,Andrea Kimi Antonelli,Mercedes,2,1,25.0,Finished,1,2,1,1.0,2.1666666666666665,1.0
2026,5,Canadian Grand Prix,Circuit Gilles Villeneuve,NOR,Lando Norris,McLaren,3,18,0.0,Retired,18,3,0,9.0,8.833333333333334,2.0
2026,5,Canadian Grand Prix,Circuit Gilles Villeneuve,PIA,Oscar Piastri,McLaren,4,11,0.0,Lapped,11,4,0,8.0,8.5,3.0
2026,5,Canadian Grand Prix,Circuit Gilles Villeneuve,HAM,Lewis Hamilton,Ferrari,5,2,18.0,Finished,2,5,0,5.0,4.666666666666667,4.0
2026,5,Canadian Grand Prix,Circuit Gilles Villeneuve,VER,Max Verstappen,Red Bull,6,3,15.0,Finished,3,6,0,9.666666666666666,9.166666666666666,5.0
2026,5,Canadian Grand Prix,Circuit Gilles Villeneuve,HAD,Isack Hadjar,Red Bull,7,5,10.0,Lapped,5,7,0,14.0,11.833333333333334,6.0
2026,5,Canadian Grand Prix,Circuit Gilles Villeneuve,LEC,Charles Leclerc,Ferrari,8,4,12.0,Finished,4,8,0,5.0,5.0,7.0
2026,5,Canadian Grand Prix,Circuit Gilles Villeneuve,LIN,Arvid Lindblad,RB F1 Team,9,22,0.0,Did not start,22,9,0,13.333333333333334,11.666666666666666,8.0
2026,5,Canadian Grand Prix,Circuit Gilles Villeneuve,COL,Franco Colapinto,Alpine F1 Team,10,6,8.0,Lapped,6,10,0,11.0,10.0,9.0
2026,5,Canadian Grand Prix,Circuit Gilles Villeneuve,HUL,Nico Hülkenberg,Audi,11,12,0.0,Lapped,12,11,0,13.666666666666666,16.166666666666668,10.0
2026,5,Canadian Grand Prix,Circuit Gilles Villeneuve,LAW,Liam Lawson,RB F1 Team,12,7,6.0,Lapped,7,12,0,12.0,12.666666666666666,11.0
2026,5,Canadian Grand Prix,Circuit Gilles Villeneuve,BOR,Gabriel Bortoleto,Audi,13,13,0.0,Lapped,13,13,0,15.333333333333334,14.5,12.0
2026,5,Canadian Grand Prix,Circuit Gilles Villeneuve,GAS,Pierre Gasly,Alpine F1 Team,14,8,4.0,Lapped,8,14,0,11.333333333333334,11.166666666666666,13.0
2026,5,Canadian Grand Prix,Circuit Gilles Villeneuve,SAI,Carlos Sainz,Williams,15,9,2.0,Lapped,9,15,0,11.0,15.0,14.0
2026,5,Canadian Grand Prix,Circuit Gilles Villeneuve,BEA,Oliver Bearman,Haas F1 Team,16,10,1.0,Lapped,10,16,0,12.666666666666666,12.166666666666666,15.0
2026,5,Canadian Grand Prix,Circuit Gilles Villeneuve,OCO,Esteban Ocon,Haas F1 Team,17,14,0.0,Lapped,14,17,0,12.333333333333334,12.5,16.0
2026,5,Canadian Grand Prix,Circuit Gilles Villeneuve,ALB,Alexander Albon,Williams,18,21,0.0,Retired,21,18,0,17.333333333333332,14.166666666666666,17.0
2026,5,Canadian Grand Prix,Circuit Gilles Villeneuve,ALO,Fernando Alonso,Aston Martin,19,20,0.0,Retired,20,19,0,16.666666666666668,17.666666666666668,18.0
2026,5,Canadian Grand Prix,Circuit Gilles Villeneuve,PER,Sergio Pérez,Cadillac F1 Team,20,17,0.0,Retired,17,20,0,16.0,16.833333333333332,19.0
2026,5,Canadian Grand Prix,Circuit Gilles Villeneuve,BOT,Valtteri Bottas,Cadillac F1 Team,21,16,0.0,Lapped,16,21,0,16.666666666666668,16.333333333333332,20.0
2026,5,Canadian Grand Prix,Circuit Gilles Villeneuve,STR,Lance Stroll,Aston Martin,22,15,0.0,Lapped,15,22,0,18.666666666666668,17.666666666666668,21.0
2026,6,Monaco Grand Prix,Circuit de Monaco,ANT,Andrea Kimi Antonelli,Mercedes,1,1,25.0,Finished,1,1,1,1.0,5.166666666666667,0.0
2026,6,Monaco Grand Prix,Circuit de Monaco,VER,Max Verstappen,Red Bull,2,22,0.0,Retired,22,2,0,5.333333333333333,9.666666666666666,1.0
2026,6,Monaco Grand Prix,Circuit de Monaco,HAM,Lewis Hamilton,Ferrari,3,2,18.0,Finished,2,3,0,4.666666666666667,4.833333333333333,2.0
2026,6,Monaco Grand Prix,Circuit de Monaco,LEC,Charles Leclerc,Ferrari,4,17,0.0,Retired,17,4,0,5.0,4.833333333333333,3.0
2026,6,Monaco Grand Prix,Circuit de Monaco,HAD,Isack Hadjar,Red Bull,5,4,12.0,Finished,4,5,0,13.0,9.166666666666666,4.0
2026,6,Monaco Grand Prix,Circuit de Monaco,RUS,George Russell,Mercedes,6,12,0.0,Finished,12,6,0,9.0,5.0,5.0
2026,6,Monaco Grand Prix,Circuit de Monaco,PIA,Oscar Piastri,McLaren,7,5,10.0,Finished,5,7,0,5.333333333333333,8.333333333333334,6.0
2026,6,Monaco Grand Prix,Circuit de Monaco,NOR,Lando Norris,McLaren,8,19,0.0,Retired,19,8,0,8.333333333333334,6.833333333333333,7.0
2026,6,Monaco Grand Prix,Circuit de Monaco,GAS,Pierre Gasly,Alpine F1 Team,9,3,15.0,Finished,3,9,0,12.0,11.166666666666666,8.0
2026,6,Monaco Grand Prix,Circuit de Monaco,LAW,Liam Lawson,RB F1 Team,10,6,8.0,Finished,6,10,0,12.0,15.166666666666666,9.0
2026,6,Monaco Grand Prix,Circuit de Monaco,ALB,Alexander Albon,Williams,11,8,4.0,Finished,8,11,0,17.0,14.166666666666666,10.0
2026,6,Monaco Grand Prix,Circuit de Monaco,SAI,Carlos Sainz,Williams,12,16,0.0,Retired,16,12,0,11.0,14.0,11.0
2026,6,Monaco Grand Prix,Circuit de Monaco,HUL,Nico Hülkenberg,Audi,13,13,0.0,Finished,13,13,0,14.0,14.666666666666666,12.0
2026,6,Monaco Grand Prix,Circuit de Monaco,COL,Franco Colapinto,Alpine F1 Team,14,14,0.0,Finished,14,14,0,9.666666666666666,10.833333333333334,13.0
2026,6,Monaco Grand Prix,Circuit de Monaco,LIN,Arvid Lindblad,RB F1 Team,15,7,6.0,Finished,7,15,0,16.666666666666668,14.333333333333334,14.0
2026,6,Monaco Grand Prix,Circuit de Monaco,BOR,Gabriel Bortoleto,Audi,16,11,0.0,Finished,11,16,0,12.666666666666666,13.333333333333334,15.0
2026,6,Monaco Grand Prix,Circuit de Monaco,OCO,Esteban Ocon,Haas F1 Team,17,9,2.0,Finished,9,17,0,12.333333333333334,13.333333333333334,16.0
2026,6,Monaco Grand Prix,Circuit de Monaco,PER,Sergio Pérez,Cadillac F1 Team,18,15,0.0,Finished,15,18,0,16.666666666666668,17.0,17.0
2026,6,Monaco Grand Prix,Circuit de Monaco,BEA,Oliver Bearman,Haas F1 Team,19,20,0.0,Retired,20,19,0,14.333333333333334,13.333333333333334,18.0
2026,6,Monaco Grand Prix,Circuit de Monaco,BOT,Valtteri Bottas,Cadillac F1 Team,20,21,0.0,Retired,21,20,0,17.666666666666668,17.166666666666668,19.0
2026,6,Monaco Grand Prix,Circuit de Monaco,ALO,Fernando Alonso,Aston Martin,21,10,1.0,Finished,10,21,0,17.666666666666668,18.166666666666668,20.0
2026,6,Monaco Grand Prix,Circuit de Monaco,STR,Lance Stroll,Aston Martin,22,18,0.0,Retired,18,22,0,17.666666666666668,17.666666666666668,21.0
2026,7,Barcelona Grand Prix,Circuit de Barcelona-Catalunya,RUS,George Russell,Mercedes,1,2,18.0,Finished,2,1,0,11.666666666666666,5.0,0.0
2026,7,Barcelona Grand Prix,Circuit de Barcelona-Catalunya,HAM,Lewis Hamilton,Ferrari,2,1,25.0,Finished,1,2,1,3.3333333333333335,4.666666666666667,1.0
2026,7,Barcelona Grand Prix,Circuit de Barcelona-Catalunya,ANT,Andrea Kimi Antonelli,Mercedes,3,16,0.0,Retired,16,3,0,1.0,6.333333333333333,2.0
2026,7,Barcelona Grand Prix,Circuit de Barcelona-Catalunya,NOR,Lando Norris,McLaren,4,3,15.0,Finished,3,4,0,13.0,7.333333333333333,3.0
2026,7,Barcelona Grand Prix,Circuit de Barcelona-Catalunya,VER,Max Verstappen,Red Bull,5,4,12.0,Finished,4,5,0,10.0,10.833333333333334,4.0
2026,7,Barcelona Grand Prix,Circuit de Barcelona-Catalunya,HAD,Isack Hadjar,Red Bull,6,6,8.0,Lapped,6,6,0,10.333333333333334,10.166666666666666,5.0
2026,7,Barcelona Grand Prix,Circuit de Barcelona-Catalunya,PIA,Oscar Piastri,McLaren,7,5,10.0,Finished,5,7,0,6.333333333333333,9.666666666666666,6.0
2026,7,Barcelona Grand Prix,Circuit de Barcelona-Catalunya,LAW,Liam Lawson,RB F1 Team,8,8,4.0,Lapped,8,8,0,11.0,13.0,7.0
2026,7,Barcelona Grand Prix,Circuit de Barcelona-Catalunya,HUL,Nico Hülkenberg,Audi,9,20,0.0,Retired,20,9,0,14.666666666666666,13.333333333333334,8.0
2026,7,Barcelona Grand Prix,Circuit de Barcelona-Catalunya,LEC,Charles Leclerc,Ferrari,10,15,0.0,Retired,15,10,0,9.666666666666666,6.5,9.0
2026,7,Barcelona Grand Prix,Circuit de Barcelona-Catalunya,LIN,Arvid Lindblad,RB F1 Team,11,9,2.0,Lapped,9,11,0,14.333333333333334,12.666666666666666,10.0
2026,7,Barcelona Grand Prix,Circuit de Barcelona-Catalunya,BOR,Gabriel Bortoleto,Audi,12,11,0.0,Lapped,11,12,0,12.0,13.333333333333334,11.0
2026,7,Barcelona Grand Prix,Circuit de Barcelona-Catalunya,COL,Franco Colapinto,Alpine F1 Team,13,10,1.0,Lapped,10,13,0,9.0,10.166666666666666,12.0
2026,7,Barcelona Grand Prix,Circuit de Barcelona-Catalunya,GAS,Pierre Gasly,Alpine F1 Team,14,7,6.0,Lapped,7,14,0,10.666666666666666,9.833333333333334,13.0
2026,7,Barcelona Grand Prix,Circuit de Barcelona-Catalunya,BEA,Oliver Bearman,Haas F1 Team,15,17,0.0,Retired,17,15,0,13.666666666666666,13.166666666666666,14.0
2026,7,Barcelona Grand Prix,Circuit de Barcelona-Catalunya,SAI,Carlos Sainz,Williams,16,12,0.0,Lapped,12,16,0,11.333333333333334,12.833333333333334,15.0
2026,7,Barcelona Grand Prix,Circuit de Barcelona-Catalunya,OCO,Esteban Ocon,Haas F1 Team,17,13,0.0,Lapped,13,17,0,12.0,12.833333333333334,16.0
2026,7,Barcelona Grand Prix,Circuit de Barcelona-Catalunya,ALB,Alexander Albon,Williams,18,18,0.0,Lapped,18,18,0,13.0,12.166666666666666,17.0
2026,7,Barcelona Grand Prix,Circuit de Barcelona-Catalunya,PER,Sergio Pérez,Cadillac F1 Team,19,14,0.0,Lapped,14,19,0,16.0,16.833333333333332,18.0
2026,7,Barcelona Grand Prix,Circuit de Barcelona-Catalunya,BOT,Valtteri Bottas,Cadillac F1 Team,20,21,0.0,Retired,21,20,0,18.333333333333332,17.166666666666668,19.0
2026,7,Barcelona Grand Prix,Circuit de Barcelona-Catalunya,STR,Lance Stroll,Aston Martin,21,22,0.0,Retired,22,21,0,16.666666666666668,16.333333333333332,20.0
2026,7,Barcelona Grand Prix,Circuit de Barcelona-Catalunya,ALO,Fernando Alonso,Aston Martin,22,19,0.0,Retired,19,22,0,15.0,15.833333333333334,21.0
2026,8,Austrian Grand Prix,Red Bull Ring,RUS,George Russell,Mercedes,1,1,25.0,Finished,1,1,1,11.0,6.5,0.0
2026,8,Austrian Grand Prix,Red Bull Ring,LEC,Charles Leclerc,Ferrari,2,8,4.0,Finished,8,2,0,12.0,5.333333333333333,1.0
2026,8,Austrian Grand Prix,Red Bull Ring,HAM,Lewis Hamilton,Ferrari,3,5,10.0,Finished,5,3,0,1.6666666666666667,6.833333333333333,2.0
2026,8,Austrian Grand Prix,Red Bull Ring,ANT,Andrea Kimi Antonelli,Mercedes,4,3,15.0,Finished,3,4,0,6.0,8.5,3.0
2026,8,Austrian Grand Prix,Red Bull Ring,VER,Max Verstappen,Red Bull,5,2,18.0,Finished,2,5,0,9.666666666666666,10.0,4.0
2026,8,Austrian Grand Prix,Red Bull Ring,NOR,Lando Norris,McLaren,6,7,6.0,Finished,7,6,0,13.333333333333334,9.833333333333334,5.0
2026,8,Austrian Grand Prix,Red Bull Ring,PIA,Oscar Piastri,McLaren,7,4,12.0,Finished,4,7,0,7.0,10.166666666666666,6.0
2026,8,Austrian Grand Prix,Red Bull Ring,HAD,Isack Hadjar,Red Bull,8,6,8.0,Finished,6,8,0,5.0,7.333333333333333,7.0
2026,8,Austrian Grand Prix,Red Bull Ring,LAW,Liam Lawson,RB F1 Team,9,9,2.0,Lapped,9,9,0,7.0,10.666666666666666,8.0
2026,8,Austrian Grand Prix,Red Bull Ring,LIN,Arvid Lindblad,RB F1 Team,10,10,1.0,Lapped,10,10,0,12.666666666666666,9.833333333333334,9.0
2026,8,Austrian Grand Prix,Red Bull Ring,GAS,Pierre Gasly,Alpine F1 Team,11,13,0.0,Lapped,13,11,0,6.0,10.333333333333334,10.0
2026,8,Austrian Grand Prix,Red Bull Ring,BOR,Gabriel Bortoleto,Audi,12,11,0.0,Lapped,11,12,0,11.666666666666666,13.5,11.0
2026,8,Austrian Grand Prix,Red Bull Ring,BEA,Oliver Bearman,Haas F1 Team,13,14,0.0,Lapped,14,13,0,15.666666666666666,13.833333333333334,12.0
2026,8,Austrian Grand Prix,Red Bull Ring,HUL,Nico Hülkenberg,Audi,14,12,0.0,Lapped,12,14,0,15.0,13.333333333333334,13.0
2026,8,Austrian Grand Prix,Red Bull Ring,OCO,Esteban Ocon,Haas F1 Team,15,16,0.0,Lapped,16,15,0,12.0,13.833333333333334,14.0
2026,8,Austrian Grand Prix,Red Bull Ring,COL,Franco Colapinto,Alpine F1 Team,16,15,0.0,Lapped,15,16,0,10.0,8.0,15.0
2026,8,Austrian Grand Prix,Red Bull Ring,SAI,Carlos Sainz,Williams,17,20,0.0,Retired,20,17,0,12.333333333333334,12.666666666666666,16.0
2026,8,Austrian Grand Prix,Red Bull Ring,ALB,Alexander Albon,Williams,18,17,0.0,Lapped,17,18,0,15.666666666666666,14.0,17.0
2026,8,Austrian Grand Prix,Red Bull Ring,PER,Sergio Pérez,Cadillac F1 Team,19,21,0.0,Retired,21,19,0,15.333333333333334,16.5,18.0
2026,8,Austrian Grand Prix,Red Bull Ring,BOT,Valtteri Bottas,Cadillac F1 Team,20,22,0.0,Retired,22,20,0,19.333333333333332,17.333333333333332,19.0
2026,8,Austrian Grand Prix,Red Bull Ring,ALO,Fernando Alonso,Aston Martin,21,18,0.0,Lapped,18,21,0,16.333333333333332,17.0,20.0
2026,8,Austrian Grand Prix,Red Bull Ring,STR,Lance Stroll,Aston Martin,22,19,0.0,Retired,19,22,0,18.333333333333332,17.333333333333332,21.0
2026,9,British Grand Prix,Silverstone Circuit,ANT,Andrea Kimi Antonelli,Mercedes,1,15,0.0,Finished,15,1,0,6.666666666666667,5.5,0.0
2026,9,British Grand Prix,Silverstone Circuit,LEC,Charles Leclerc,Ferrari,2,1,25.0,Finished,1,2,1,13.333333333333334,7.833333333333333,1.0
2026,9,British Grand Prix,Silverstone Circuit,HAM,Lewis Hamilton,Ferrari,3,3,15.0,Finished,3,3,0,2.6666666666666665,8.0,2.0
2026,9,British Grand Prix,Silverstone Circuit,RUS,George Russell,Mercedes,4,2,18.0,Finished,2,4,0,5.0,5.833333333333333,3.0
2026,9,British Grand Prix,Silverstone Circuit,HAD,Isack Hadjar,Red Bull,5,5,10.0,Finished,5,5,0,5.333333333333333,7.166666666666667,4.0
2026,9,British Grand Prix,Silverstone Circuit,NOR,Lando Norris,McLaren,6,4,12.0,Finished,4,6,0,9.666666666666666,8.333333333333334,5.0
2026,9,British Grand Prix,Silverstone Circuit,VER,Max Verstappen,Red Bull,7,20,0.0,Retired,20,7,0,9.333333333333334,7.333333333333333,6.0
2026,9,British Grand Prix,Silverstone Circuit,PIA,Oscar Piastri,McLaren,8,11,0.0,Finished,11,8,0,4.666666666666667,7.166666666666667,7.0
2026,9,British Grand Prix,Silverstone Circuit,LIN,Arvid Lindblad,RB F1 Team,9,7,6.0,Finished,7,9,0,8.666666666666666,7.666666666666667,8.0
2026,9,British Grand Prix,Silverstone Circuit,LAW,Liam Lawson,RB F1 Team,10,6,8.0,Finished,6,10,0,7.666666666666667,8.166666666666666,9.0
2026,9,British Grand Prix,Silverstone Circuit,BOR,Gabriel Bortoleto,Audi,11,8,4.0,Finished,8,11,0,11.0,13.166666666666666,10.0
2026,9,British Grand Prix,Silverstone Circuit,HUL,Nico Hülkenberg,Audi,12,22,0.0,Retired,22,12,0,15.0,13.0,11.0
2026,9,British Grand Prix,Silverstone Circuit,BEA,Oliver Bearman,Haas F1 Team,13,12,0.0,Finished,12,13,0,17.0,14.5,12.0
2026,9,British Grand Prix,Silverstone Circuit,SAI,Carlos Sainz,Williams,14,17,0.0,Lapped,17,14,0,16.0,15.833333333333334,13.0
2026,9,British Grand Prix,Silverstone Circuit,GAS,Pierre Gasly,Alpine F1 Team,15,10,1.0,Finished,10,15,0,7.666666666666667,9.166666666666666,14.0
2026,9,British Grand Prix,Silverstone Circuit,ALB,Alexander Albon,Williams,16,21,0.0,Retired,21,16,0,14.333333333333334,15.166666666666666,15.0
2026,9,British Grand Prix,Silverstone Circuit,OCO,Esteban Ocon,Haas F1 Team,17,13,0.0,Finished,13,17,0,12.666666666666666,14.833333333333334,16.0
2026,9,British Grand Prix,Silverstone Circuit,BOT,Valtteri Bottas,Cadillac F1 Team,18,16,0.0,Finished,16,18,0,21.333333333333332,18.0,17.0
2026,9,British Grand Prix,Silverstone Circuit,COL,Franco Colapinto,Alpine F1 Team,19,9,2.0,Finished,9,19,0,13.0,10.333333333333334,18.0
2026,9,British Grand Prix,Silverstone Circuit,PER,Sergio Pérez,Cadillac F1 Team,20,14,0.0,Finished,14,20,0,16.666666666666668,19.0,19.0
2026,9,British Grand Prix,Silverstone Circuit,ALO,Fernando Alonso,Aston Martin,21,18,0.0,Lapped,18,21,0,15.666666666666666,17.0,20.0
2026,9,British Grand Prix,Silverstone Circuit,STR,Lance Stroll,Aston Martin,22,19,0.0,Lapped,19,22,0,19.666666666666668,17.666666666666668,21.0
2026,10,Belgian Grand Prix,Circuit de Spa-Francorchamps,ANT,Andrea Kimi Antonelli,Mercedes,1,1,25.0,Finished,1,1,1,11.333333333333334,8.166666666666666,0.0
2026,10,Belgian Grand Prix,Circuit de Spa-Francorchamps,VER,Max Verstappen,Red Bull,2,3,15.0,Finished,3,2,0,8.666666666666666,4.5,1.0
2026,10,Belgian Grand Prix,Circuit de Spa-Francorchamps,RUS,George Russell,Mercedes,3,22,0.0,Retired,22,3,0,1.6666666666666667,6.5,2.0
2026,10,Belgian Grand Prix,Circuit de Spa-Francorchamps,LEC,Charles Leclerc,Ferrari,4,2,18.0,Finished,2,4,0,8.0,7.833333333333333,3.0
2026,10,Belgian Grand Prix,Circuit de Spa-Francorchamps,HAM,Lewis Hamilton,Ferrari,5,4,12.0,Finished,4,5,0,3.0,5.5,4.0
2026,10,Belgian Grand Prix,Circuit de Spa-Francorchamps,PIA,Oscar Piastri,McLaren,6,5,10.0,Finished,5,6,0,6.666666666666667,7.0,5.0
2026,10,Belgian Grand Prix,Circuit de Spa-Francorchamps,LIN,Arvid Lindblad,RB F1 Team,7,9,2.0,Finished,9,7,0,8.666666666666666,8.333333333333334,6.0
2026,10,Belgian Grand Prix,Circuit de Spa-Francorchamps,BOR,Gabriel Bortoleto,Audi,8,8,4.0,Finished,8,8,0,10.0,12.166666666666666,7.0
2026,10,Belgian Grand Prix,Circuit de Spa-Francorchamps,LAW,Liam Lawson,RB F1 Team,9,12,0.0,Finished,12,9,0,7.666666666666667,8.166666666666666,8.0
2026,10,Belgian Grand Prix,Circuit de Spa-Francorchamps,GAS,Pierre Gasly,Alpine F1 Team,10,11,0.0,Finished,11,10,0,10.0,11.5,9.0
2026,10,Belgian Grand Prix,Circuit de Spa-Francorchamps,COL,Franco Colapinto,Alpine F1 Team,11,10,1.0,Finished,10,11,0,11.333333333333334,10.666666666666666,10.0
2026,10,Belgian Grand Prix,Circuit de Spa-Francorchamps,HUL,Nico Hülkenberg,Audi,12,13,0.0,Finished,13,12,0,18.0,14.0,11.0
2026,10,Belgian Grand Prix,Circuit de Spa-Francorchamps,NOR,Lando Norris,McLaren,13,7,6.0,Finished,7,13,0,4.666666666666667,5.666666666666667,12.0
2026,10,Belgian Grand Prix,Circuit de Spa-Francorchamps,BEA,Oliver Bearman,Haas F1 Team,14,14,0.0,Finished,14,14,0,14.333333333333334,15.333333333333334,13.0
2026,10,Belgian Grand Prix,Circuit de Spa-Francorchamps,ALB,Alexander Albon,Williams,15,15,0.0,Finished,15,15,0,18.666666666666668,16.666666666666668,14.0
2026,10,Belgian Grand Prix,Circuit de Spa-Francorchamps,OCO,Esteban Ocon,Haas F1 Team,16,17,0.0,Finished,17,16,0,14.0,14.166666666666666,15.0
2026,10,Belgian Grand Prix,Circuit de Spa-Francorchamps,BOT,Valtteri Bottas,Cadillac F1 Team,17,18,0.0,Lapped,18,17,0,19.666666666666668,19.166666666666668,16.0
2026,10,Belgian Grand Prix,Circuit de Spa-Francorchamps,PER,Sergio Pérez,Cadillac F1 Team,18,21,0.0,Retired,21,18,0,16.333333333333332,18.0,17.0
2026,10,Belgian Grand Prix,Circuit de Spa-Francorchamps,SAI,Carlos Sainz,Williams,19,16,0.0,Finished,16,19,0,16.333333333333332,17.5,18.0
2026,10,Belgian Grand Prix,Circuit de Spa-Francorchamps,STR,Lance Stroll,Aston Martin,20,20,0.0,Retired,20,20,0,20.0,19.0,19.0
2026,10,Belgian Grand Prix,Circuit de Spa-Francorchamps,HAD,Isack Hadjar,Red Bull,21,6,8.0,Finished,6,21,0,5.666666666666667,7.166666666666667,20.0
2026,10,Belgian Grand Prix,Circuit de Spa-Francorchamps,ALO,Fernando Alonso,Aston Martin,22,19,0.0,Lapped,19,22,0,18.333333333333332,19.166666666666668,21.0
2026,11,Hungarian Grand Prix,Hungaroring,NOR,Lando Norris,McLaren,1,1,25.0,Finished,1,1,1,6.0,6.0,0.0
2026,11,Hungarian Grand Prix,Hungaroring,LEC,Charles Leclerc,Ferrari,2,4,12.0,Finished,4,2,0,3.6666666666666665,5.666666666666667,1.0
2026,11,Hungarian Grand Prix,Hungaroring,PIA,Oscar Piastri,McLaren,3,20,0.0,Retired,20,3,0,6.666666666666667,6.333333333333333,2.0
2026,11,Hungarian Grand Prix,Hungaroring,VER,Max Verstappen,Red Bull,4,2,18.0,Finished,2,4,0,8.333333333333334,7.0,3.0
2026,11,Hungarian Grand Prix,Hungaroring,HAM,Lewis Hamilton,Ferrari,5,5,10.0,Finished,5,5,0,4.0,3.8333333333333335,4.0
2026,11,Hungarian Grand Prix,Hungaroring,RUS,George Russell,Mercedes,6,7,6.0,Finished,7,6,0,8.333333333333334,6.333333333333333,5.0
2026,11,Hungarian Grand Prix,Hungaroring,ANT,Andrea Kimi Antonelli,Mercedes,7,3,15.0,Finished,3,7,0,6.333333333333333,7.333333333333333,6.0
2026,11,Hungarian Grand Prix,Hungaroring,HAD,Isack Hadjar,Red Bull,8,6,8.0,Finished,6,8,0,5.666666666666667,7.0,7.0
2026,11,Hungarian Grand Prix,Hungaroring,LIN,Arvid Lindblad,RB F1 Team,9,10,1.0,Lapped,10,9,0,8.666666666666666,8.333333333333334,8.0
2026,11,Hungarian Grand Prix,Hungaroring,HUL,Nico Hülkenberg,Audi,10,9,2.0,Lapped,9,10,0,15.666666666666666,12.0,9.0
2026,11,Hungarian Grand Prix,Hungaroring,LAW,Liam Lawson,RB F1 Team,11,8,4.0,Lapped,8,11,0,9.0,8.833333333333334,10.0
2026,11,Hungarian Grand Prix,Hungaroring,GAS,Pierre Gasly,Alpine F1 Team,12,12,0.0,Lapped,12,12,0,11.333333333333334,10.833333333333334,11.0
2026,11,Hungarian Grand Prix,Hungaroring,COL,Franco Colapinto,Alpine F1 Team,13,15,0.0,Lapped,15,13,0,11.333333333333334,11.333333333333334,12.0
2026,11,Hungarian Grand Prix,Hungaroring,BOR,Gabriel Bortoleto,Audi,14,11,0.0,Lapped,11,14,0,9.0,12.333333333333334,13.0
2026,11,Hungarian Grand Prix,Hungaroring,OCO,Esteban Ocon,Haas F1 Team,15,16,0.0,Lapped,16,15,0,15.333333333333334,13.666666666666666,14.0
2026,11,Hungarian Grand Prix,Hungaroring,ALO,Fernando Alonso,Aston Martin,16,14,0.0,Lapped,14,16,0,18.333333333333332,18.833333333333332,15.0
2026,11,Hungarian Grand Prix,Hungaroring,BEA,Oliver Bearman,Haas F1 Team,17,19,0.0,Lapped,19,17,0,13.333333333333334,14.333333333333334,16.0
2026,11,Hungarian Grand Prix,Hungaroring,SAI,Carlos Sainz,Williams,18,18,0.0,Lapped,18,18,0,17.666666666666668,18.0,17.0
2026,11,Hungarian Grand Prix,Hungaroring,ALB,Alexander Albon,Williams,19,17,0.0,Lapped,17,19,0,17.666666666666668,17.666666666666668,18.0
2026,11,Hungarian Grand Prix,Hungaroring,STR,Lance Stroll,Aston Martin,20,13,0.0,Lapped,13,20,0,19.333333333333332,18.833333333333332,19.0
2026,11,Hungarian Grand Prix,Hungaroring,BOT,Valtteri Bottas,Cadillac F1 Team,21,22,0.0,Retired,22,21,0,18.666666666666668,18.666666666666668,20.0
2026,11,Hungarian Grand Prix,Hungaroring,PER,Sergio Pérez,Cadillac F1 Team,22,21,0.0,Retired,21,22,0,18.666666666666668,18.666666666666668,21.0
2026,12,Dutch Grand Prix,Circuit Park Zandvoort,NOR,Lando Norris,McLaren,1,1,25.0,Finished,1,1,1,4.0,5.333333333333333,0.0
2026,12,Dutch Grand Prix,Circuit Park Zandvoort,RUS,George Russell,Mercedes,2,3,15.0,Finished,3,2,0,10.333333333333334,8.333333333333334,1.0
2026,12,Dutch Grand Prix,Circuit Park Zandvoort,ANT,Andrea Kimi Antonelli,Mercedes,3,2,18.0,Finished,2,3,0,6.333333333333333,8.333333333333334,2.0
2026,12,Dutch Grand Prix,Circuit Park Zandvoort,PIA,Oscar Piastri,McLaren,4,6,8.0,Finished,6,4,0,12.0,8.0,3.0
2026,12,Dutch Grand Prix,Circuit Park Zandvoort,HAM,Lewis Hamilton,Ferrari,5,4,12.0,Finished,4,5,0,4.0,3.1666666666666665,4.0
2026,12,Dutch Grand Prix,Circuit Park Zandvoort,LEC,Charles Leclerc,Ferrari,6,5,10.0,Finished,5,6,0,2.3333333333333335,3.1666666666666665,5.0
2026,12,Dutch Grand Prix,Circuit Park Zandvoort,VER,Max Verstappen,Red Bull,7,22,0.0,Retired,22,7,0,8.333333333333334,7.0,6.0
2026,12,Dutch Grand Prix,Circuit Park Zandvoort,LAW,Liam Lawson,Red Bull,8,7,6.0,Finished,7,8,0,8.666666666666666,7.0,7.0
2026,12,Dutch Grand Prix,Circuit Park Zandvoort,BOR,Gabriel Bortoleto,Audi,9,13,0.0,Lapped,13,9,0,9.0,12.0,8.0
2026,12,Dutch Grand Prix,Circuit Park Zandvoort,LIN,Arvid Lindblad,RB F1 Team,10,12,0.0,Lapped,12,10,0,8.666666666666666,9.0,9.0
2026,12,Dutch Grand Prix,Circuit Park Zandvoort,GAS,Pierre Gasly,Alpine F1 Team,11,10,1.0,Lapped,10,11,0,11.0,11.166666666666666,10.0
2026,12,Dutch Grand Prix,Circuit Park Zandvoort,TSU,Yuki Tsunoda,RB F1 Team,12,11,0.0,Lapped,11,12,0,12.0,8.666666666666666,11.0
2026,12,Dutch Grand Prix,Circuit Park Zandvoort,HUL,Nico Hülkenberg,Audi,13,8,4.0,Lapped,8,13,0,14.666666666666666,11.833333333333334,12.0
2026,12,Dutch Grand Prix,Circuit Park Zandvoort,COL,Franco Colapinto,Alpine F1 Team,14,14,0.0,Lapped,14,14,0,11.333333333333334,11.166666666666666,13.0
2026,12,Dutch Grand Prix,Circuit Park Zandvoort,OCO,Esteban Ocon,Haas F1 Team,15,19,0.0,Retired,19,15,0,15.333333333333334,14.666666666666666,14.0
2026,12,Dutch Grand Prix,Circuit Park Zandvoort,ALB,Alexander Albon,Williams,16,17,0.0,Retired,17,16,0,17.666666666666668,17.333333333333332,15.0
2026,12,Dutch Grand Prix,Circuit Park Zandvoort,SAI,Carlos Sainz,Williams,17,16,0.0,Lapped,16,17,0,17.0,17.333333333333332,16.0
2026,12,Dutch Grand Prix,Circuit Park Zandvoort,ALO,Fernando Alonso,Aston Martin,18,9,2.0,Lapped,9,18,0,17.0,18.166666666666668,17.0
2026,12,Dutch Grand Prix,Circuit Park Zandvoort,STR,Lance Stroll,Aston Martin,19,20,0.0,Retired,20,19,0,17.333333333333332,17.166666666666668,18.0
2026,12,Dutch Grand Prix,Circuit Park Zandvoort,BEA,Oliver Bearman,Haas F1 Team,20,21,0.0,Retired,21,20,0,15.0,15.166666666666666,19.0
2026,12,Dutch Grand Prix,Circuit Park Zandvoort,BOT,Valtteri Bottas,Cadillac F1 Team,21,18,0.0,Retired,18,21,0,18.666666666666668,18.833333333333332,20.0
2026,12,Dutch Grand Prix,Circuit Park Zandvoort,PER,Sergio Pérez,Cadillac F1 Team,22,15,0.0,Lapped,15,22,0,18.666666666666668,18.666666666666668,21.0
